Country,League,Club,Player_Names,Matches_Played,Substitution,Mins,Goals,xG,xG_Per_Avg_Match,Shots,OnTarget,Shots_Per_Avg_Match,On_Target_Per_Avg_Match,Year
Netherlands,Eredivisie,CSK,Chidera Ejuke,24,1,2147,9,6.5499999999999998,0.28999999999999998,60,25,2.6499999999999999,1.1100000000000001,2020
Germany,Bundesliga,DUS,Rouwen Hennings,27,5,2592,15,10.91,0.40000000000000002,73,27,2.6800000000000002,0.98999999999999999,2019
Spain,La Liga,ESP,Raul de Tomas,32,1,2964,14,16.219999999999999,0.52000000000000002,115,47,3.6899999999999999,1.51,2018
Portugal ,Primeira Liga,FAR,Eduardo Mancha,4,0,396,2,0.95999999999999996,0.23000000000000001,5,2,1.2,0.47999999999999998,2019
Portugal ,Primeira Liga,GIL,Samuel Lino,6,1,591,3,2.1800000000000002,0.34999999999999998,16,5,2.5699999999999998,0.80000000000000004,2019
Brazil,Campeonato Brasileiro,GOI,Rafael Moura,19,4,1661,9,8.2200000000000006,0.46999999999999997,48,14,2.75,0.80000000000000004,2019
Spain,La Liga,GRA,Jorge Molina,28,10,2819,14,11.279999999999999,0.38,57,23,1.9199999999999999,0.78000000000000003,2018
Germany,Bundesliga,GRO,Arjen Robben,21,5,1882,13,4.9500000000000002,0.25,83,52,4.1900000000000004,2.6200000000000001,2016
USA,MLS,HDY,Mauro Manotas,28,4,2717,13,14.01,0.48999999999999999,92,29,3.2200000000000002,1.01,2019
Netherlands,Eredivisie,HEE,Henk Veerman,10,0,916,8,4.4400000000000004,0.46000000000000002,32,14,3.3199999999999998,1.45,2019
Netherlands,Eredivisie,HER,Rai Vloet,10,0,853,7,4.4900000000000002,0.5,21,9,2.3399999999999999,1,2019
Germany,Bundesliga,HKI,Fin Bartels,23,8,2315,8,6.3399999999999999,0.26000000000000001,42,29,1.72,1.1899999999999999,2016
Brazil,Campeonato Brasileiro,HUR,Andres Chavez,19,2,1786,9,10.529999999999999,0.56000000000000005,67,32,3.5600000000000001,1.7,2016
Germany,Bundesliga,LAG,Chicharito ,20,6,1895,11,11.57,0.57999999999999996,52,30,2.6099999999999999,1.5,2016
USA,MLS,LAG,Cristian Pavon,22,0,2106,10,5.9900000000000002,0.27000000000000002,63,25,2.8399999999999999,1.1299999999999999,2020
Italy,Serie A,LEC,Marco Mancosu,28,5,2627,14,15.210000000000001,0.55000000000000004,84,31,3.04,1.1200000000000001,2019
England,Premier League,LEE,Patrick Bamford,10,0,898,7,7.2800000000000002,0.77000000000000002,40,17,4.2300000000000004,1.8,2020
Portugal ,Primeira Liga,MIJ,Bozhidar Kraev,28,4,2399,8,4.5499999999999998,0.17999999999999999,46,19,1.8200000000000001,0.75,2019
USA,MLS,MIN,Kei Kamara,29,0,2740,14,17.59,0.60999999999999999,94,44,3.2599999999999998,1.53,2019
USA,MLS,MIN,Kevin Molino,16,3,1430,11,6.3200000000000003,0.41999999999999998,43,20,2.8599999999999999,1.3300000000000001,2020
Portugal ,Primeira Liga,NAC,Brayan Riascos,8,0,736,3,2.1699999999999999,0.28000000000000003,26,11,3.3599999999999999,1.4199999999999999,2019
Germany,Bundesliga,NAN,Jean-Kevin Augustin,14,11,1330,9,6.1600000000000001,0.44,37,18,2.6400000000000001,1.29,2017
Italy,Serie A,NAP,Dries Mertens,28,7,2671,28,21.649999999999999,0.77000000000000002,148,102,5.2599999999999998,3.6299999999999999,2016
Italy,Serie A,NAP,Lorenzo Insigne,35,2,3031,18,13.08,0.40999999999999998,147,81,4.6100000000000003,2.54,2016
England,Premier League,NAP,Fernando Llorente,28,5,2562,15,8.3599999999999994,0.31,52,25,1.9299999999999999,0.93000000000000005,2016
Italy,Serie A,NAP,Dries Mertens,35,3,3133,18,16.16,0.48999999999999999,128,47,3.8799999999999999,1.4299999999999999,2017
Italy,Serie A,NAP,Arkadiusz Milik,27,8,2560,17,12.4,0.46000000000000002,111,51,4.1200000000000001,1.8899999999999999,2018
Italy,Serie A,NAP,Lorenzo Insigne,24,4,2191,10,9.2300000000000004,0.40000000000000002,120,37,5.2000000000000002,1.6000000000000001,2018
Italy,Serie A,NAP,Andrea Petagna,35,1,3196,16,12.779999999999999,0.38,89,41,2.6499999999999999,1.22,2018
Italy,Serie A,NAP,Dries Mertens,23,12,2416,16,10.43,0.40999999999999998,89,39,3.5,1.53,2018
Italy,Serie A,NAP,Arkadiusz Milik,19,7,1870,11,9.4499999999999993,0.47999999999999998,68,29,3.4500000000000002,1.47,2019
Italy,Serie A,NAP,Andrea Petagna,33,3,3263,12,13.74,0.40000000000000002,110,33,3.2000000000000002,0.95999999999999996,2019
Italy,Serie A,NAP,Dries Mertens,9,0,616,4,2.46,0.38,24,11,3.7000000000000002,1.7,2020
Italy,Serie A,NAP,Hirving Lozano,9,0,568,4,2.9300000000000002,0.48999999999999999,18,11,3.0099999999999998,1.8400000000000001,2020
USA,MLS,NER,Gustavo Bou,17,4,1701,8,6.7999999999999998,0.38,81,28,4.5199999999999996,1.5600000000000001,2020
England,Premier League,NEW,Callum Wilson,29,1,2714,14,14.57,0.51000000000000001,65,29,2.2799999999999998,1.02,2018
England,Premier League,NEW,Callum Wilson,9,0,835,7,6.5,0.73999999999999999,18,8,2.0499999999999998,0.91000000000000003,2020
England,Premier League,NOR,Teemu Pukki,33,3,3087,11,11.369999999999999,0.34999999999999998,80,35,2.46,1.0800000000000001,2019
USA,MLS,NYC FC,Alexandru Mitrita,25,5,2398,12,7.0700000000000003,0.28000000000000003,96,34,3.7999999999999998,1.3500000000000001,2019
USA,MLS,NYC,Heber ,18,5,1742,15,11.369999999999999,0.62,56,26,3.0499999999999998,1.4199999999999999,2019
Brazil,Campeonato Brasileiro,OPE,Roger ,19,1,1465,11,8.6400000000000006,0.56000000000000005,47,20,3.0499999999999998,1.3,2017
USA,MLS,ORL,Nani ,26,4,2464,12,8.8200000000000003,0.34000000000000002,64,25,2.4700000000000002,0.95999999999999996,2019
USA,MLS,ORL,Daryl Dike,17,2,1482,8,3.7400000000000002,0.23999999999999999,33,13,2.1200000000000001,0.82999999999999996,2020
USA,MLS,ORL,Chris Mueller,19,5,1726,10,6,0.33000000000000002,38,20,2.0899999999999999,1.1000000000000001,2020
Spain,La Liga,OSA,Chimy Avila,20,14,2131,10,7.6299999999999999,0.34000000000000002,88,24,3.9199999999999999,1.0700000000000001,2018
Spain,La Liga,OSA,Ante Budimir,33,2,2923,13,12.31,0.40000000000000002,56,22,1.8200000000000001,0.71999999999999997,2019
Brazil,Campeonato Brasileiro,PAL,Willian ,21,11,2153,10,10.199999999999999,0.45000000000000001,66,29,2.9100000000000001,1.28,2018
Brazil,Campeonato Brasileiro,PAL,Raphael Veiga,10,4,914,6,3.3700000000000001,0.34999999999999998,27,11,2.8100000000000001,1.1399999999999999,2020
Brazil,Campeonato Brasileiro,PAL,Luiz Adriano,14,3,1235,7,6.2400000000000002,0.47999999999999998,21,13,1.6200000000000001,1,2020
Italy,Serie A,PAR,Roberto Inglese,33,1,2914,12,9.8200000000000003,0.32000000000000001,76,37,2.48,1.21,2017
Italy,Serie A,PAR,Roberto Inglese,23,2,2075,9,7.8600000000000003,0.35999999999999999,47,21,2.1499999999999999,0.95999999999999996,2018
Italy,Serie A,PAR,Gervinho ,27,3,2430,11,6.9100000000000001,0.27000000000000002,44,19,1.72,0.73999999999999999,2018
Italy,Serie A,PAR,Gervinho ,8,0,669,4,1.97,0.28000000000000003,13,5,1.8500000000000001,0.70999999999999996,2020
USA,MLS,PHI,Kacper Przybylko,25,1,2420,15,12.23,0.47999999999999998,81,37,3.1800000000000002,1.45,2019
USA,MLS,PHI,Kacper Przybylko,24,0,2216,8,8.6300000000000008,0.37,56,27,2.3999999999999999,1.1599999999999999,2020
Portugal ,Primeira Liga,POR,Moussa Marega,27,2,2471,12,7.2800000000000002,0.28000000000000003,58,33,2.23,1.27,2019
Portugal ,Primeira Liga,POR,Mehdi Taremi,26,4,2537,18,16.82,0.63,74,30,2.77,1.1200000000000001,2019
Portugal ,Primeira Liga,POR,Sergio Oliveira,7,1,642,4,2.0899999999999999,0.31,17,8,2.52,1.1799999999999999,2019
Portugal ,Primeira Liga,POR,Toni Mart√≠nez,27,5,2312,10,10.460000000000001,0.42999999999999999,74,29,3.04,1.1899999999999999,2019
USA,MLS,POR,Jeremy Ebobisse,11,8,1189,8,3.6299999999999999,0.28999999999999998,33,15,2.6400000000000001,1.2,2020
USA,MLS,POR,Diego Valeri,19,4,1864,8,5.2999999999999998,0.27000000000000002,44,17,2.2400000000000002,0.87,2020
Netherlands,Eredivisie,PSV,Donyell Malen,7,3,725,6,6.1100000000000003,0.80000000000000004,32,17,4.1900000000000004,2.23,2019
Netherlands,Eredivisie,PSV,Noni Madueke,3,7,524,4,2.8700000000000001,0.52000000000000002,17,7,3.0800000000000001,1.27,2019
Netherlands,Eredivisie,PSV,Donyell Malen,14,0,1245,11,8.9100000000000001,0.68000000000000005,59,32,4.5,2.4399999999999999,2020
Netherlands,Eredivisie,PSV,Denzel Dumfries,25,0,2363,7,5.7199999999999998,0.23000000000000001,45,14,1.8100000000000001,0.56000000000000005,2020
Netherlands,Eredivisie,PSV,Cody Gakpo,14,11,1557,7,4.4299999999999997,0.27000000000000002,38,15,2.3199999999999998,0.92000000000000004,2020
England,Premier League,RAN,Jermain Defoe,37,0,3511,15,15.52,0.41999999999999998,99,31,2.6800000000000002,0.83999999999999997,2016
Brazil,Campeonato Brasileiro,RBB,Artur ,32,0,3049,7,5.7800000000000002,0.17999999999999999,64,19,1.99,0.58999999999999997,2019
Brazil,Campeonato Brasileiro,RBB,Alerrandro ,10,2,861,5,6.0700000000000003,0.67000000000000004,24,11,2.6499999999999999,1.21,2020
Brazil,Campeonato Brasileiro,RBB,Claudinho ,19,1,1657,10,4.1900000000000004,0.23999999999999999,53,19,3.04,1.0900000000000001,2020
Germany,Bundesliga,RBL,Emil Forsberg,27,3,2420,8,5.8600000000000003,0.23000000000000001,49,32,1.9199999999999999,1.26,2016
Germany,Bundesliga,RBL,Yussuf Poulsen,27,4,2556,15,10.76,0.40000000000000002,65,27,2.4199999999999999,1,2018
Germany,Bundesliga,RBL,Dani Olmo,9,0,834,4,2.2799999999999998,0.26000000000000001,19,8,2.1600000000000001,0.91000000000000003,2020
France,France Ligue 2,REI,Boulaye Dia,9,1,772,8,5.2800000000000002,0.65000000000000002,25,12,3.0800000000000001,1.48,2020
Italy,Serie A,ROM,Edin Dzeko,33,4,3194,29,30.600000000000001,0.91000000000000003,178,99,5.29,2.9399999999999999,2016
England,Premier League,ROM,Pedro None,26,9,2250,10,5.6799999999999997,0.23999999999999999,59,17,2.4900000000000002,0.71999999999999997,2016
Italy,Serie A,ROM,Edin Dzeko,33,3,3177,16,16.390000000000001,0.48999999999999999,152,56,4.5499999999999998,1.6699999999999999,2017
Italy,Serie A,ROM,Edin Dzeko,28,5,2741,9,13.56,0.46999999999999997,131,50,4.54,1.73,2018
Italy,Serie A,ROM,Edin Dzeko,31,4,3075,16,19.739999999999998,0.60999999999999999,122,46,3.77,1.4199999999999999,2019
Italy,Serie A,ROM,Henrikh Mkhitaryan,9,0,825,5,5.8200000000000003,0.67000000000000004,30,14,3.4500000000000002,1.6100000000000001,2020
Italy,Serie A,ROM,Jordan Veretout,9,0,769,4,3.48,0.42999999999999999,18,7,2.2200000000000002,0.85999999999999999,2020
USA,MLS,RSL,Damir Kreilach,20,1,1872,8,6.1100000000000003,0.31,48,19,2.4399999999999999,0.95999999999999996,2020
Netherlands,Eredivisie,RZA,Haris Vuckic,23,2,2194,11,6,0.26000000000000001,38,17,1.6499999999999999,0.73999999999999999,2020
Italy,Serie A,SAM,Fabio Quagliarella,35,2,3030,12,13.710000000000001,0.42999999999999999,112,70,3.5099999999999998,2.1899999999999999,2016
Italy,Serie A,SAM,Keita Balde,21,10,2033,16,7.7000000000000002,0.35999999999999999,70,48,3.27,2.2400000000000002,2016
Italy,Serie A,SAM,Fabio Quagliarella,33,2,2864,19,17.789999999999999,0.58999999999999997,113,46,3.75,1.53,2017
Italy,Serie A,SAM,Fabio Quagliarella,37,0,3269,26,23.059999999999999,0.67000000000000004,141,57,4.0999999999999996,1.6599999999999999,2018
Italy,Serie A,SAM,Fabio Quagliarella,26,2,2413,11,13.720000000000001,0.54000000000000004,102,35,4.0199999999999996,1.3799999999999999,2019
Italy,Serie A,SAM,Fabio Quagliarella,8,1,694,5,4.46,0.60999999999999999,23,9,3.1499999999999999,1.23,2020
Brazil,Campeonato Brasileiro,SAN,Marinho ,27,0,2360,12,7.4500000000000002,0.29999999999999999,111,34,4.4699999999999998,1.3700000000000001,2016
Portugal ,Primeira Liga,SAN,Thiago Santana,8,0,714,6,3.3100000000000001,0.44,24,12,3.1899999999999999,1.6000000000000001,2019
Brazil,Campeonato Brasileiro,SAN,Marinho ,18,11,1917,8,6.6600000000000001,0.33000000000000002,73,26,3.6200000000000001,1.29,2019
Brazil,Campeonato Brasileiro,SAN,Carlos Sanchez,27,7,2648,12,11.99,0.42999999999999999,85,29,3.0499999999999998,1.04,2019
Brazil,Campeonato Brasileiro,SAN,Yeferson Soteldo,31,1,2883,9,8.8000000000000007,0.28999999999999998,68,26,2.2400000000000002,0.85999999999999999,2019
Brazil,Campeonato Brasileiro,SAN,Marinho ,17,2,1662,13,7.5199999999999996,0.42999999999999999,58,26,3.3199999999999998,1.49,2020
Brazil,Campeonato Brasileiro,SAP,Pablo ,30,3,2757,9,7.5499999999999998,0.26000000000000001,63,24,2.1699999999999999,0.82999999999999996,2016
Brazil,Campeonato Brasileiro,SAP,Vitor Bueno,32,1,2670,10,9.2699999999999996,0.33000000000000002,73,30,2.6000000000000001,1.0700000000000001,2016
Brazil,Campeonato Brasileiro,SAP,Hernanes ,19,0,1222,9,5.2699999999999996,0.40999999999999998,52,23,4.04,1.79,2017
Brazil,Campeonato Brasileiro,SAP,Santiago Trellez,23,0,1694,10,7.6699999999999999,0.42999999999999999,53,20,2.9700000000000002,1.1200000000000001,2017
Brazil,Campeonato Brasileiro,SAP,Pablo ,30,3,2808,12,10.94,0.37,64,29,2.1699999999999999,0.97999999999999998,2018
Brazil,Campeonato Brasileiro,SAP,Luciano ,16,3,1588,11,6.0199999999999996,0.35999999999999999,37,17,2.21,1.02,2020
Brazil,Campeonato Brasileiro,SAP,Brenner None,9,6,1063,6,7.5,0.67000000000000004,36,14,3.2200000000000002,1.25,2020
Italy,Serie A,Sassuolo ,Francesco Caputo,33,3,3125,21,13.82,0.41999999999999998,73,35,2.2200000000000002,1.0600000000000001,2019
Germany,Bundesliga,SCF,Nils Petersen,7,26,1351,10,9.2400000000000002,0.65000000000000002,52,33,3.6600000000000001,2.3199999999999998,2016
Germany,Bundesliga,SCF,Nils Petersen,24,8,2362,15,11.93,0.47999999999999998,63,24,2.5299999999999998,0.96999999999999997,2017
Germany,Bundesliga,SCF,Nils Petersen,24,10,2595,11,8.4700000000000006,0.31,55,19,2.0099999999999998,0.69999999999999996,2019
Germany,Bundesliga,SCF,Nils Petersen,6,3,608,4,2.1099999999999999,0.33000000000000002,15,7,2.3399999999999999,1.0900000000000001,2020
Germany,Bundesliga,SCH,Vedad Ibisevic,32,0,2772,12,12.84,0.44,72,46,2.4700000000000002,1.5800000000000001,2016
Germany,Bundesliga,SCH,Mark Uth,24,7,2279,14,9.8399999999999999,0.40999999999999998,54,21,2.25,0.88,2017
Germany,Bundesliga,SCH,Benito Raman,19,11,1781,10,6.1900000000000004,0.33000000000000002,55,26,2.9300000000000002,1.3899999999999999,2018
Brazil,Campeonato Brasileiro,SCR,Thiago Neves,30,3,2383,9,10.539999999999999,0.41999999999999998,102,51,4.0700000000000003,2.0299999999999998,2017
Spain,La Liga,SEV,Munir ,28,5,2517,10,10.6,0.40000000000000002,62,23,2.3399999999999999,0.87,2017
Spain,La Liga,SEV,Carlos Fernandez,21,13,2428,10,10.48,0.40999999999999998,47,19,1.8400000000000001,0.73999999999999999,2019
Spain,La Liga,SEV,Lucas Ocampos,31,2,2929,14,13.26,0.42999999999999999,84,36,2.7200000000000002,1.1699999999999999,2019
Spain,La Liga,SEV,Youssef   En-Nesyri,5,4,465,4,3.3300000000000001,0.68000000000000005,14,4,2.8599999999999999,0.81999999999999995,2020
Netherlands,Eredivisie,SEV,Oussama Idrissi,25,0,2047,13,7.1100000000000003,0.33000000000000002,67,34,3.1099999999999999,1.5800000000000001,2020
Brazil,Campeonato Brasileiro,SJE,Andres Rios,23,5,2188,7,7.3700000000000001,0.32000000000000001,43,18,1.8700000000000001,0.78000000000000003,2018
USA,MLS,SJE,Chris Wondolowski,24,8,2169,15,14.609999999999999,0.64000000000000001,79,33,3.46,1.45,2019
USA,MLS,SJE,Chris Wondolowski,14,9,1509,8,7.3099999999999996,0.46000000000000002,35,20,2.2000000000000002,1.26,2020
USA,MLS,SKC,Felipe Gutierrez,31,1,2905,12,9.4800000000000004,0.31,65,28,2.1299999999999999,0.92000000000000004,2019
USA,MLS,SOU,Jordan Morris,28,2,2521,13,9.5500000000000007,0.35999999999999999,48,24,1.8100000000000001,0.90000000000000002,2019
USA,MLS,SOU,Raul Ruidiaz,24,2,2346,15,15.31,0.62,96,37,3.8900000000000001,1.5,2019
England,Premier League,SOU,Danny Ings,32,6,3009,22,16.789999999999999,0.53000000000000003,93,37,2.9399999999999999,1.1699999999999999,2019
USA,MLS,SOU,Nicolas Lodeiro,21,0,2014,8,6.3600000000000003,0.29999999999999999,43,19,2.0299999999999998,0.90000000000000002,2020
USA,MLS,SOU,Raul Ruidiaz,18,0,1626,14,8.5600000000000005,0.5,58,24,3.3900000000000001,1.3999999999999999,2020
USA,MLS,SOU,Jordan Morris,19,4,1927,11,8.3200000000000003,0.40999999999999998,43,19,2.1200000000000001,0.93999999999999995,2020
England,Premier League,SOU,James Ward-Prowse,10,0,960,4,0.70999999999999996,7.0000000000000007E-2,10,7,0.98999999999999999,0.68999999999999995,2020
Netherlands,Eredivisie,SPR,Lennart Thy,10,0,768,6,4.3700000000000001,0.54000000000000004,20,11,2.4700000000000002,1.3600000000000001,2019
Netherlands,Eredivisie,SPR,Abdou Harroui,10,0,834,4,1.9299999999999999,0.22,24,13,2.73,1.48,2019
Germany,Bundesliga,STP,Guido Burgstaller,17,1,1494,9,8.1799999999999997,0.52000000000000002,45,24,2.8599999999999999,1.53,2016
Germany,Bundesliga,STP,Guido Burgstaller,24,8,2447,11,8.2400000000000002,0.32000000000000001,55,25,2.1400000000000001,0.96999999999999997,2017
Germany,Bundesliga,SVW,Niclas Fullkrug,26,8,2507,14,12.140000000000001,0.46000000000000002,87,33,3.2999999999999998,1.25,2017
Germany,Bundesliga,SVW,Davie Selke,19,8,1974,10,8.0999999999999996,0.39000000000000001,47,22,2.2599999999999998,1.0600000000000001,2017
Germany,Bundesliga,SVW,Niclas Fullkrug,4,1,293,4,3.02,0.97999999999999998,13,7,4.2199999999999998,2.27,2020
Brazil,Campeonato Brasileiro,TIG,Nico Lupez,26,9,3931,11,8.6899999999999995,0.20999999999999999,79,33,1.9099999999999999,0.80000000000000004,2018
Italy,Serie A,TOR,Andrea Belotti,34,1,3241,26,19.449999999999999,0.56999999999999995,130,78,3.8100000000000001,2.29,2016
Spain,La Liga,TOR,Simone Zaza,23,10,2163,13,12.07,0.53000000000000003,73,24,3.21,1.05,2017
Italy,Serie A,TOR,Andrea Belotti,29,3,2854,10,11.720000000000001,0.39000000000000001,86,28,2.8599999999999999,0.93000000000000005,2017
Italy,Serie A,TOR,Andrea Belotti,37,0,3533,15,15.99,0.42999999999999999,125,47,3.3599999999999999,1.26,2018
USA,MLS,TOR,Alejandro Pozuelo,32,2,3104,14,9.8000000000000007,0.29999999999999999,84,38,2.5699999999999998,1.1599999999999999,2019
USA,MLS,TOR,Jozy Altidore,18,5,1834,12,8.6899999999999995,0.45000000000000001,51,25,2.6400000000000001,1.29,2019
Italy,Serie A,TOR,Andrea Belotti,34,2,3214,16,16.579999999999998,0.48999999999999999,104,41,3.0699999999999998,1.21,2019
USA,MLS,TOR,Alex Pozuelo,24,0,2247,9,8.2799999999999994,0.34999999999999998,57,25,2.4100000000000001,1.0600000000000001,2020
USA,MLS,TOR,Ayo Akinola,11,5,1195,9,7.2999999999999998,0.57999999999999996,37,19,2.9399999999999999,1.51,2020
Italy,Serie A,TOR,Andrea Belotti,8,0,754,7,3.4900000000000002,0.44,24,11,3.02,1.3899999999999999,2020
England,Premier League,TOT,Harry Kane,29,1,2636,29,18.870000000000001,0.68000000000000005,110,58,3.96,2.0899999999999999,2016
England,Premier League,TOT,Dele Alli,35,2,3182,18,15.07,0.45000000000000001,95,43,2.8399999999999999,1.28,2016
England,Premier League,TOT,Son Heung-Min,23,11,2174,14,7.3200000000000003,0.32000000000000001,80,33,3.5,1.4399999999999999,2016
Spain,La Liga,TOT,Gareth Bale,20,6,1872,16,12.81,0.65000000000000002,77,32,3.9100000000000001,1.6200000000000001,2017
England,Premier League,TOT,Son Heung-Min,23,8,2152,12,7.0199999999999996,0.31,74,29,3.27,1.28,2018
England,Premier League,TOT,Harry Kane,27,1,2580,17,15.48,0.56999999999999995,102,46,3.7599999999999998,1.6899999999999999,2018
Portugal ,Primeira Liga,TOT,Carlos Vinicius,19,13,1928,18,12.380000000000001,0.60999999999999999,66,27,3.25,1.3300000000000001,2019
England,Premier League,TOT,Son Heung-Min,28,2,2663,11,9.25,0.33000000000000002,81,38,2.8900000000000001,1.3600000000000001,2019
England,Premier League,TOT,Harry Kane,29,0,2801,18,12.970000000000001,0.44,81,37,2.75,1.25,2019
England,Premier League,TOT,Harry Kane,10,0,956,7,6.6399999999999997,0.66000000000000003,39,15,3.8799999999999999,1.49,2020
England,Premier League,TOT,Son Heung-Min,10,0,861,9,3.8999999999999999,0.42999999999999999,20,12,2.21,1.3200000000000001,2020
Netherlands,Eredivisie,TWE,Danilo Nome,10,0,827,9,7.0499999999999998,0.81000000000000005,31,16,3.5600000000000001,1.8400000000000001,2019
Netherlands,Eredivisie,TWE,Vaclav Cerny,10,0,824,4,1.3899999999999999,0.16,21,12,2.4199999999999999,1.3799999999999999,2019
Italy,Serie A,UDI,Kevin Lasagna,26,3,2244,12,11.34,0.47999999999999998,72,31,3.0499999999999998,1.3100000000000001,2017
Germany,Bundesliga,UNB,Max Kruse,23,0,2121,15,8.4800000000000004,0.38,41,28,1.8400000000000001,1.25,2016
Germany,Bundesliga,UNB,Max Kruse,32,0,2975,11,9.3900000000000006,0.29999999999999999,91,40,2.9100000000000001,1.28,2018
Germany,Bundesliga,UNB,Max Kruse,7,2,669,6,4.4400000000000004,0.63,13,10,1.8500000000000001,1.4199999999999999,2020
Netherlands,Eredivisie,UTR,Gyrano Kerk,24,0,2155,10,7.4900000000000002,0.33000000000000002,50,18,2.2000000000000002,0.79000000000000004,2020
Brazil,Campeonato Brasileiro,VDG,Yago Pikachu,34,1,3192,10,11.09,0.33000000000000002,77,37,2.29,1.1000000000000001,2018
Brazil,Campeonato Brasileiro,VDG,German Cano,19,0,1733,10,10.029999999999999,0.55000000000000004,37,22,2.0299999999999998,1.21,2020
Italy,Serie A,VER,Nikola Kalinic,26,6,2648,15,15.050000000000001,0.54000000000000004,90,61,3.23,2.1899999999999999,2016
Germany,Bundesliga,VfB,Daniel Didavi,26,4,2312,9,3.8900000000000001,0.16,55,19,2.2599999999999998,0.78000000000000003,2017
Portugal ,Primeira Liga,VGU,Andre Andre,8,0,645,2,1.7,0.25,7,2,1.03,0.28999999999999998,2019
Portugal ,Primeira Liga,VGU,Bruno Duarte,6,1,509,2,1.77,0.33000000000000002,13,3,2.4300000000000002,0.56000000000000005,2019
Portugal ,Primeira Liga,VGU,Bruno Duarte,18,6,1684,8,5.5,0.31,42,16,2.3700000000000001,0.90000000000000002,2019
USA,MLS,VID,Nemanja Nikolic,25,6,2118,12,14.050000000000001,0.63,48,22,2.1499999999999999,0.98999999999999999,2019
Netherlands,Eredivisie,VIT,Armando Broja,6,4,569,5,2.52,0.41999999999999998,12,6,2,1,2019
Netherlands,Eredivisie,VIT,Lois Openda,10,0,775,5,2.9399999999999999,0.35999999999999999,28,9,3.4300000000000002,1.1000000000000001,2019
Netherlands,Eredivisie,VIT,Oussama Tannane,8,0,680,4,2.6499999999999999,0.37,40,9,5.5899999999999999,1.26,2019
Netherlands,Eredivisie,VVV,Georgios Giakoumakis,10,0,911,9,7.1900000000000004,0.75,35,14,3.6499999999999999,1.46,2019
England,Premier League,WAT,Glenn Murray,30,8,2684,13,11.58,0.40999999999999998,54,21,1.9099999999999999,0.73999999999999999,2018
England,Premier League,WHU,Michail Antonio,29,0,2493,11,9.7100000000000009,0.37,79,25,3.0099999999999998,0.94999999999999996,2016
Germany,Bundesliga,WHU,Sebastien Haller,23,6,2312,15,12.17,0.5,54,26,2.2200000000000002,1.0700000000000001,2018
England,Premier League,WHU,Jarrod Bowen,10,0,845,4,2.9399999999999999,0.33000000000000002,22,5,2.4700000000000002,0.56000000000000005,2020
Netherlands,Eredivisie,WIL,Vangelis Pavlidis,10,0,927,4,2.8300000000000001,0.28999999999999998,26,15,2.6600000000000001,1.54,2019
Netherlands,Eredivisie,WIL,Vangelis Pavlidis,25,0,2265,11,12.640000000000001,0.53000000000000003,70,31,2.9399999999999999,1.3,2020
Germany,Bundesliga,WOB,Maximilian Philipp,23,2,2000,9,6.1100000000000003,0.28999999999999998,53,34,2.52,1.6200000000000001,2016
Germany,Bundesliga,WOB,Wout Weghorst,33,1,3061,17,16.109999999999999,0.5,73,34,2.27,1.0600000000000001,2018
Germany,Bundesliga,WOB,Wout Weghorst,30,2,2893,16,18.27,0.59999999999999998,85,38,2.79,1.25,2019
Germany,Bundesliga,WOB,Wout Weghorst,8,1,778,6,5.5700000000000003,0.68000000000000005,25,14,3.0499999999999998,1.71,2020
England,Premier League,WOL,Raul Jimenez,36,2,3285,13,15.91,0.46000000000000002,111,33,3.21,0.94999999999999996,2018
England,Premier League,WOL,Raul Jimenez,37,1,3445,17,18.489999999999998,0.51000000000000001,118,43,3.25,1.1899999999999999,2019
England,Premier League,WOL,Raul Jimenez,10,0,872,4,3.2999999999999998,0.35999999999999999,26,10,2.8300000000000001,1.0900000000000001,2020
England,Premier League,ACM,Zlatan Ibrahimovic,27,1,2578,17,15.74,0.57999999999999996,115,45,4.2400000000000002,1.6599999999999999,2016
Germany,Bundesliga,ACM,Ante Rebic,23,5,2075,11,9.1699999999999999,0.41999999999999998,61,28,2.79,1.28,2018
USA,MLS,ACM,Zlatan Ibrahimovic,31,0,2998,31,22.719999999999999,0.71999999999999997,159,67,5.04,2.1200000000000001,2019
Italy,Serie A,ACM,Ante Rebic,15,11,1514,11,6.8499999999999996,0.42999999999999999,42,20,2.6400000000000001,1.25,2019
Italy,Serie A,ACM,Zlatan Ibrahimovic,6,0,557,10,7.9199999999999999,1.3500000000000001,35,16,5.9699999999999998,2.73,2020
Netherlands,Eredivisie,Aitor,Cantalapiedra ,21,0,1933,7,9.1600000000000001,0.45000000000000001,58,23,2.8500000000000001,1.1299999999999999,2020
Netherlands,Eredivisie,AJA,Antony None,8,1,575,4,1.6299999999999999,0.27000000000000002,20,8,3.2999999999999998,1.3200000000000001,2019
Netherlands,Eredivisie,AJA,Quincy Promes,4,6,574,4,2.8999999999999999,0.47999999999999998,22,10,3.6400000000000001,1.6599999999999999,2019
Netherlands,Eredivisie,AJA,Dusan Tadic,9,1,719,7,4.2400000000000002,0.56000000000000005,20,13,2.6400000000000001,1.72,2019
Netherlands,Eredivisie,AJA,Davy Klaassen,6,0,490,5,4.0199999999999996,0.78000000000000003,13,8,2.52,1.55,2019
Netherlands,Eredivisie,AJA,Lassina Traore,6,4,506,7,4.21,0.79000000000000004,18,8,3.3799999999999999,1.5,2019
Netherlands,Eredivisie,AJA,Dusan Tadic,25,0,2287,11,11.31,0.46999999999999997,63,26,2.6200000000000001,1.0800000000000001,2020
Netherlands,Eredivisie,AJA,Klaas-Jan Huntelaar,6,12,938,9,6.9100000000000001,0.69999999999999996,32,17,3.2400000000000002,1.72,2020
Netherlands,Eredivisie,AJA,Quincy Promes,18,2,1573,12,9.7699999999999996,0.58999999999999997,56,30,3.3799999999999999,1.8100000000000001,2020
Brazil,Campeonato Brasileiro,ALA,Deyverson ,11,15,1367,9,7.6299999999999999,0.53000000000000003,41,19,2.8500000000000001,1.3200000000000001,2018
Spain,La Liga,ALA,Joselu,31,5,2990,11,13.220000000000001,0.41999999999999998,87,30,2.7599999999999998,0.94999999999999996,2019
Spain,La Liga,ALA,Lucas Perez,29,5,2673,11,11.25,0.40000000000000002,48,18,1.71,0.64000000000000001,2019
Spain,La Liga,ALA,Lucas Perez,7,2,637,3,4.3600000000000003,0.65000000000000002,13,6,1.9399999999999999,0.89000000000000001,2020
Germany,Bundesliga,ARS,Pierre-Emerick Aubameyang,31,1,2894,31,28.940000000000001,0.94999999999999996,116,78,3.8100000000000001,2.5600000000000001,2016
Germany,Bundesliga,ARS,Pierre-Emerick Aubameyang,16,0,1480,13,16.359999999999999,1.05,58,27,3.7200000000000002,1.73,2017
France,France Ligue 2,ARS,Nicolas Pepe,37,1,3533,22,20.079999999999998,0.54000000000000004,118,60,3.1699999999999999,1.6100000000000001,2018
England,Premier League,ARS,Pierre-Emerick Aubameyang,30,6,2905,22,21.710000000000001,0.70999999999999996,94,39,3.0699999999999998,1.28,2018
England,Premier League,ARS,Alexandre Lacazette,27,8,2670,14,11.52,0.40999999999999998,81,28,2.8799999999999999,1,2018
England,Premier League,ARS,Pierre-Emerick Aubameyang,35,1,3392,22,16.07,0.45000000000000001,93,42,2.6000000000000001,1.1799999999999999,2019
Italy,Serie A,ATA,Alejandro Gomez,37,0,3247,16,11.619999999999999,0.34000000000000002,117,75,3.4199999999999999,2.1899999999999999,2016
Italy,Serie A,ATA,Duvan Zapata,24,7,2229,11,9.3900000000000006,0.40000000000000002,57,22,2.4300000000000002,0.93999999999999995,2017
Italy,Serie A,ATA,Josip Ilicic,21,10,2115,11,8.2400000000000002,0.37,89,36,4,1.6200000000000001,2017
Italy,Serie A,ATA,Duvan Zapata,32,5,3064,23,18.379999999999999,0.56999999999999995,118,50,3.6600000000000001,1.55,2018
Italy,Serie A,ATA,Josip Ilicic,23,8,2262,12,9.2899999999999991,0.39000000000000001,101,38,4.2400000000000002,1.6000000000000001,2018
USA,MLS,ATA,Josef Martinez,32,0,3050,28,25.039999999999999,0.78000000000000003,128,52,3.9900000000000002,1.6200000000000001,2019
Italy,Serie A,ATA,Josip Ilicic,21,5,1786,15,9.7799999999999994,0.52000000000000002,81,36,4.3099999999999996,1.9099999999999999,2019
Italy,Serie A,ATA,Duvan Zapata,25,3,2143,18,15.109999999999999,0.67000000000000004,89,37,3.9500000000000002,1.6399999999999999,2019
Italy,Serie A,ATA,Luis Muriel,10,23,1370,18,12.4,0.85999999999999999,77,41,5.3399999999999999,2.8399999999999999,2019
Italy,Serie A,ATA,Alejandro Gomez,9,0,643,4,2.23,0.33000000000000002,28,11,4.1399999999999997,1.6299999999999999,2020
Italy,Serie A,ATA,Luis Muriel,3,4,264,4,2.7799999999999998,1,20,7,7.2000000000000002,2.52,2020
Spain,La Liga,ATL,Luis Suarez,34,1,2940,28,23.210000000000001,0.75,120,57,3.8799999999999999,1.8400000000000001,2016
England,Premier League,ATL,Diego Costa,35,0,3232,20,16.670000000000002,0.48999999999999999,111,41,3.2599999999999998,1.21,2016
Spain,La Liga,ATL,Luis Suarez,32,1,3008,25,25.649999999999999,0.81000000000000005,121,55,3.8199999999999998,1.74,2017
Spain,La Liga,ATL,Luis Suarez,31,2,2954,21,24.879999999999999,0.80000000000000004,112,58,3.6000000000000001,1.8700000000000001,2018
Spain,La Liga,ATL,Luis Suarez,22,6,2126,16,14.32,0.64000000000000001,79,42,3.5299999999999998,1.8799999999999999,2019
Spain,La Liga,ATL,Joao Felix,6,3,641,5,3.8500000000000001,0.56999999999999995,21,6,3.1099999999999999,0.89000000000000001,2020
Spain,La Liga,ATL,Luis Suarez,5,1,387,5,3.2999999999999998,0.81000000000000005,22,8,5.4000000000000004,1.96,2020
Portugal ,Primeira Liga,AVE,Mehrdad Mohammadi,27,1,2495,8,7.3499999999999996,0.28000000000000003,56,19,2.1299999999999999,0.71999999999999997,2019
England,Premier League,AVL,Jack Grealish,9,0,872,5,2.8500000000000001,0.31,26,9,2.8300000000000001,0.97999999999999998,2020
England,Premier League,AVL,Ollie Watkins,9,0,872,6,6.4299999999999997,0.69999999999999996,22,9,2.3999999999999999,0.97999999999999998,2020
Netherlands,Eredivisie,AZA,Teun Koopmeiners,25,0,2336,11,9.3399999999999999,0.38,35,18,1.4199999999999999,0.72999999999999998,2020
Netherlands,Eredivisie,AZA,Myron Boadu,24,0,2099,14,13.26,0.59999999999999998,60,30,2.7200000000000002,1.3600000000000001,2020
Brazil,Campeonato Brasileiro,BAH,Gilberto ,18,3,1623,8,7,0.40999999999999998,52,17,3.04,1,2018
Brazil,Campeonato Brasileiro,BAH,Gilberto ,27,5,2524,14,15.94,0.59999999999999998,80,31,3.0099999999999998,1.1699999999999999,2019
Spain,La Liga,BAR,Antoine Griezmann,36,0,3129,16,11.859999999999999,0.35999999999999999,88,41,2.6699999999999999,1.24,2016
Spain,La Liga,BAR,Lionel Messi,32,2,2910,37,26.649999999999999,0.87,179,76,5.8399999999999999,2.48,2016
England,Premier League,BAR,Philippe Coutinho,28,3,2327,13,9.3100000000000005,0.38,107,36,4.3700000000000001,1.47,2016
Spain,La Liga,BAR,Antoine Griezmann,30,2,2596,19,15.58,0.56999999999999995,72,40,2.6299999999999999,1.46,2017
Spain,La Liga,BAR,Lionel Messi,32,4,3123,33,32.539999999999999,0.98999999999999999,197,95,5.9900000000000002,2.8900000000000001,2017
Italy,Serie A,BAR,Mirco Antenucci,28,5,2735,11,8.0600000000000005,0.28000000000000003,65,26,2.2599999999999998,0.90000000000000002,2017
Spain,La Liga,BAR,Antoine Griezmann,37,0,3349,15,14.449999999999999,0.40999999999999998,113,45,3.21,1.28,2018
Spain,La Liga,BAR,Lionel Messi,29,5,2849,36,25.489999999999998,0.84999999999999998,170,87,5.6699999999999999,2.8999999999999999,2018
Spain,La Liga,BAR,Lionel Messi,32,1,3067,25,21.629999999999999,0.67000000000000004,159,68,4.9299999999999997,2.1099999999999999,2019
Portugal ,Primeira Liga,BAR,Trincao ,17,10,1749,8,4.5999999999999996,0.25,47,19,2.5499999999999998,1.03,2019
Spain,La Liga,BAR,Lionel Messi,8,1,824,4,5.46,0.63,39,19,4.5,2.1899999999999999,2020
Spain,La Liga,BAR,Antoine Griezmann,8,1,634,3,3.6699999999999999,0.55000000000000004,18,8,2.7000000000000002,1.2,2020
Spain,La Liga,BAR,Ansu Fati,6,1,451,4,1.8,0.38,14,7,2.9500000000000002,1.47,2020
Germany,Bundesliga,BAY,Serge Gnabry,23,4,2028,11,5.7599999999999998,0.27000000000000002,62,33,2.8999999999999999,1.55,2016
Germany,Bundesliga,BAY,Robert Lewandowski,31,2,2871,30,30.52,1.01,143,86,4.7300000000000004,2.8500000000000001,2016
Germany,Bundesliga,BAY,Robert Lewandowski,24,6,2247,29,26.489999999999998,1.1200000000000001,127,54,5.3700000000000001,2.2799999999999998,2017
Germany,Bundesliga,BAY,Serge Gnabry,20,2,1555,10,5.5700000000000003,0.34000000000000002,49,23,2.9900000000000002,1.4099999999999999,2017
Germany,Bundesliga,BAY,Robert Lewandowski,33,0,3090,22,29.27,0.90000000000000002,144,51,4.4299999999999997,1.5700000000000001,2018
Germany,Bundesliga,BAY,Robert Lewandowski,31,0,2783,34,31.050000000000001,1.0600000000000001,138,67,4.71,2.29,2019
Germany,Bundesliga,BAY,Serge Gnabry,26,5,2216,12,13.300000000000001,0.56999999999999995,95,40,4.0700000000000003,1.71,2019
Germany,Bundesliga,BAY,Serge Gnabry,7,1,626,4,1.5800000000000001,0.23999999999999999,18,9,2.73,1.3700000000000001,2020
Germany,Bundesliga,BAY,Thomas Muller,9,0,822,4,3.2000000000000002,0.37,13,5,1.5,0.57999999999999996,2020
Germany,Bundesliga,BAY,Robert Lewandowski,7,1,672,12,7.7800000000000002,1.1000000000000001,35,17,4.9500000000000002,2.3999999999999999,2020
Italy,Serie A,BEN,Iago Falque,31,4,2633,12,8.0399999999999991,0.28999999999999998,65,42,2.3500000000000001,1.52,2016
Italy,Serie A,BEN,Iago Falque,34,3,2950,12,9.0099999999999998,0.28999999999999998,76,22,2.4500000000000002,0.70999999999999996,2017
Brazil,Campeonato Brasileiro,BEN,Everton ,14,18,1224,8,9.5299999999999994,0.73999999999999999,54,30,4.1900000000000004,2.3300000000000001,2017
Brazil,Campeonato Brasileiro,BEN,Everton ,24,3,2175,9,12.59,0.55000000000000004,88,38,3.8399999999999999,1.6599999999999999,2018
Portugal ,Primeira Liga,BEN,Gian-Luca Waldschmidt,7,1,605,4,3.5699999999999998,0.56000000000000005,15,6,2.3599999999999999,0.93999999999999995,2019
Portugal ,Primeira Liga,BEN,Haris  Seferovic,2,5,337,6,3.3300000000000001,0.93999999999999995,12,7,3.3799999999999999,1.97,2019
Portugal ,Primeira Liga,BEN,Pizzi ,33,1,2981,18,15.69,0.5,83,39,2.6499999999999999,1.24,2019
Portugal ,Primeira Liga,BEN,Everton ,8,0,622,2,1.05,0.16,11,7,1.6799999999999999,1.0700000000000001,2019
Italy,Serie A,BEN,Gianluca Lapadula,20,5,1906,11,9.4299999999999997,0.46999999999999997,61,24,3.04,1.2,2019
Brazil,Campeonato Brasileiro,BEN,Everton ,23,7,2498,11,9.1999999999999993,0.34999999999999998,83,32,3.1600000000000001,1.22,2019
Spain,La Liga,BET,Juanmi Callejon,19,16,1849,11,6.6200000000000001,0.34000000000000002,48,20,2.4700000000000002,1.03,2016
Spain,La Liga,BET,Borja Iglesias,35,2,3246,17,16.399999999999999,0.47999999999999998,90,38,2.6299999999999999,1.1100000000000001,2018
Spain,La Liga,BET,Loren Moron,21,15,2222,10,9.1199999999999992,0.39000000000000001,52,18,2.2200000000000002,0.77000000000000002,2019
Spain,La Liga,BET,Cristian Tello,7,4,629,4,1.9199999999999999,0.28999999999999998,22,8,3.3199999999999998,1.21,2020
England,Premier League,BHA,Neal Maupay,9,0,786,4,6.54,0.79000000000000004,25,11,3.02,1.3300000000000001,2020
Spain,La Liga,BIL,Inaki Williams,36,2,3148,12,13.59,0.40999999999999998,75,33,2.2599999999999998,1,2018
Spain,La Liga,BIL,Raul Garcla,33,2,3034,15,12.77,0.40000000000000002,81,33,2.54,1.03,2019
Germany,Bundesliga,BMG,Lars Stindl,29,1,2673,11,8.4399999999999995,0.29999999999999999,68,50,2.4199999999999999,1.78,2016
Germany,Bundesliga,BMG,Alassane Plea,28,6,2613,12,11.279999999999999,0.40999999999999998,83,41,3.02,1.49,2018
Germany,Bundesliga,BMG,Marcus Thuram,28,3,2296,10,10.15,0.41999999999999998,56,36,2.3199999999999998,1.49,2019
Germany,Bundesliga,BMG,Lars Stindl,14,11,1518,9,7.1900000000000004,0.45000000000000001,33,15,2.0699999999999998,0.93999999999999995,2019
Germany,Bundesliga,BMG,Alassane Plea,25,2,2252,10,11.619999999999999,0.48999999999999999,77,35,3.25,1.48,2019
Germany,Bundesliga,BMG,Lars Stindl,7,2,567,4,3.52,0.58999999999999997,19,9,3.1800000000000002,1.51,2020
Portugal ,Primeira Liga,BOA,Angel Gomes,6,0,530,3,1.1200000000000001,0.20000000000000001,12,3,2.1499999999999999,0.54000000000000004,2019
Italy,Serie A,BOL,Roberto Soriano,9,0,849,5,2.4100000000000001,0.27000000000000002,18,7,2.0099999999999998,0.78000000000000003,2020
Brazil,Campeonato Brasileiro,BOT,Cicero Semedo,35,0,3322,9,9.7899999999999991,0.28000000000000003,62,27,1.77,0.77000000000000002,2016
Germany,Bundesliga,BOT,Salomon Kalou,27,4,2272,12,9.3300000000000001,0.39000000000000001,50,23,2.0899999999999999,0.95999999999999996,2017
Brazil,Campeonato Brasileiro,BOT,Matheus Babi,17,3,1709,6,5.9400000000000004,0.33000000000000002,32,14,1.78,0.78000000000000003,2020
England,Premier League,BOU,Joshua King,31,5,2856,16,10.82,0.35999999999999999,67,29,2.23,0.95999999999999996,2016
England,Premier League,BOU,Joshua King,34,1,3143,12,13.56,0.40999999999999998,72,23,2.1800000000000002,0.69999999999999996,2018
Portugal ,Primeira Liga,BRA,Paulinho ,27,2,2451,17,14.960000000000001,0.57999999999999996,89,38,3.4500000000000002,1.47,2019
Portugal ,Primeira Liga,BRA,Bruno Viana,8,0,780,2,1.3100000000000001,0.16,7,2,0.84999999999999998,0.23999999999999999,2019
Portugal ,Primeira Liga,BRA,Ricardo Horta,31,2,2750,12,8.9700000000000006,0.31,93,37,3.21,1.28,2019
Brazil,Campeonato Brasileiro,Bruno,Henrique ,27,6,2595,9,4.3700000000000001,0.16,46,15,1.6799999999999999,0.55000000000000004,2018
Brazil,Campeonato Brasileiro,Bruno,Henrique ,33,1,3149,10,4.9699999999999998,0.14999999999999999,58,22,1.75,0.66000000000000003,2019
Italy,Serie A,BSC,Krzysztof Piatek,34,3,3147,23,17.23,0.52000000000000002,118,52,3.5600000000000001,1.5700000000000001,2018
Germany,Bundesliga,BSC,Jhon Cordoba,23,6,2108,13,8.8800000000000008,0.40000000000000002,61,25,2.75,1.1299999999999999,2019
Germany,Bundesliga,BSC,Jhon Cordoba,5,2,493,3,2.23,0.42999999999999999,18,5,3.4700000000000002,0.95999999999999996,2020
Germany,Bundesliga,BSC,Matheus Cunha,9,0,857,6,3.4300000000000002,0.38,26,15,2.8799999999999999,1.6599999999999999,2020
England,Premier League,BUR,Ashley Barnes,26,11,2569,12,13.25,0.48999999999999999,65,30,2.3999999999999999,1.1100000000000001,2018
England,Premier League,BUR,Chris Wood,29,3,2616,14,17.07,0.62,65,29,2.3599999999999999,1.05,2019
Italy,Serie A,CAG,Giovanni Simeone,29,6,2764,12,12.220000000000001,0.41999999999999998,76,35,2.6099999999999999,1.2,2016
Italy,Serie A,CAG,Giovanni Simeone,36,2,3157,14,13.289999999999999,0.40000000000000002,107,37,3.2200000000000002,1.1100000000000001,2017
Italy,Serie A,CAG,Leonardo Pavoletti,31,2,2897,11,11.279999999999999,0.37,87,34,2.8500000000000001,1.1100000000000001,2017
Italy,Serie A,CAG,Leonardo Pavoletti,31,1,2903,16,11,0.35999999999999999,84,33,2.75,1.0800000000000001,2018
Italy,Serie A,CAG,Joao Pedro,35,1,3394,18,13.93,0.39000000000000001,87,37,2.4399999999999999,1.04,2019
Italy,Serie A,CAG,Giovanni Simeone,34,3,3115,12,11.800000000000001,0.35999999999999999,87,30,2.6499999999999999,0.91000000000000003,2019
Italy,Serie A,CAG,Joao Pedro,9,0,831,6,3.4100000000000001,0.39000000000000001,21,10,2.3999999999999999,1.1399999999999999,2020
Italy,Serie A,CAG,Giovanni Simeone,8,0,664,5,3.29,0.46999999999999997,15,5,2.1499999999999999,0.71999999999999997,2020
Brazil,Campeonato Brasileiro,CAM,Keno ,32,2,3093,10,6.1900000000000004,0.19,73,25,2.2400000000000002,0.77000000000000002,2016
Brazil,Campeonato Brasileiro,CAM,Eduardo Sasha,34,3,3181,14,14.06,0.41999999999999998,77,36,2.2999999999999998,1.0800000000000001,2019
Brazil,Campeonato Brasileiro,CAM,Keno ,19,3,1829,10,11.359999999999999,0.58999999999999997,72,31,3.7400000000000002,1.6100000000000001,2020
Brazil,Campeonato Brasileiro,CAP,Renato Kayzer,17,1,1639,7,7.5899999999999999,0.44,46,21,2.6699999999999999,1.22,2020
Spain,La Liga,CAR,Ruben Castro,32,3,2842,13,14.06,0.46999999999999997,117,42,3.9100000000000001,1.3999999999999999,2016
USA,MLS,CCR,Gyasi Zardes,28,0,2657,13,15.1,0.54000000000000004,62,26,2.2200000000000002,0.93000000000000005,2019
USA,MLS,CCR,Gyasi Zardes,22,1,2034,14,11.99,0.56000000000000005,50,25,2.3399999999999999,1.1699999999999999,2020
Brazil,Campeonato Brasileiro,CEA,Rogerio ,22,9,2051,9,6.6900000000000004,0.31,81,28,3.75,1.3,2016
Brazil,Campeonato Brasileiro,CEA,Vinicius ,16,1,1348,7,5.25,0.37,51,24,3.5899999999999999,1.6899999999999999,2020
Brazil,Campeonato Brasileiro,CEA,Cleber ,17,3,1336,5,6.75,0.47999999999999998,41,13,2.9199999999999999,0.92000000000000004,2020
Spain,La Liga,CEL,Iago Aspas,25,7,2354,19,13.880000000000001,0.56000000000000005,78,37,3.1499999999999999,1.49,2016
Spain,La Liga,CEL,Iago Aspas,33,1,3053,22,19.920000000000002,0.62,94,43,2.9199999999999999,1.3400000000000001,2017
Spain,La Liga,CEL,Santi Mina,17,15,1630,12,9.4399999999999995,0.55000000000000004,43,20,2.5099999999999998,1.1699999999999999,2017
Spain,La Liga,CEL,Iago Aspas,26,1,2369,20,12.470000000000001,0.5,69,32,2.77,1.28,2018
Spain,La Liga,CEL,Iago Aspas,37,0,3474,14,15.720000000000001,0.42999999999999999,84,39,2.2999999999999998,1.0700000000000001,2019
Spain,La Liga,CEL,Iago Aspas,11,0,1056,5,4.8899999999999997,0.44,21,12,1.8899999999999999,1.0800000000000001,2020
Brazil,Campeonato Brasileiro,CFC,Ricardo Oliveira,20,0,1834,11,8.4900000000000002,0.44,53,25,2.75,1.29,2016
Brazil,Campeonato Brasileiro,CFC,Ricardo Oliveira,35,0,3231,13,16.670000000000002,0.48999999999999999,92,41,2.71,1.21,2018
Brazil,Campeonato Brasileiro,CFC,Robson,22,0,1937,6,8.5600000000000005,0.41999999999999998,53,17,2.6000000000000001,0.82999999999999996,2020
Germany,Bundesliga,CHE,Timo Werner,28,3,2496,21,12.609999999999999,0.47999999999999998,74,50,2.8199999999999998,1.8999999999999999,2016
England,Premier League,CHE,Olivier Giroud,11,18,1311,12,6.9000000000000004,0.5,39,20,2.8300000000000001,1.45,2016
Germany,Bundesliga,CHE,Timo Werner,28,4,2596,13,13.390000000000001,0.48999999999999999,95,40,3.48,1.46,2017
Germany,Bundesliga,CHE,Kai Havertz,33,1,3033,16,11.17,0.34999999999999998,87,42,2.73,1.3200000000000001,2018
Germany,Bundesliga,CHE,Timo Werner,29,1,2582,16,15.49,0.56999999999999995,107,39,3.9399999999999999,1.4299999999999999,2018
Germany,Bundesliga,CHE,Timo Werner,33,1,2744,28,20.800000000000001,0.71999999999999997,123,63,4.2599999999999998,2.1800000000000002,2019
Germany,Bundesliga,CHE,Kai Havertz,29,1,2586,12,9.5299999999999994,0.34999999999999998,59,26,2.1699999999999999,0.95999999999999996,2019
England,Premier League,CHE,Tammy Abraham,25,9,2380,15,19.289999999999999,0.77000000000000002,88,35,3.5099999999999998,1.3999999999999999,2019
England,Premier League,CHE,Timo Werner,10,0,876,4,3.6899999999999999,0.40000000000000002,23,10,2.4900000000000002,1.0800000000000001,2020
USA,MLS,CHF,C.J. Sapong,29,3,2734,13,11.220000000000001,0.39000000000000001,63,25,2.1899999999999999,0.87,2019
USA,MLS,CHF,Robert Beric,22,1,2063,13,9.9900000000000002,0.46000000000000002,62,28,2.8599999999999999,1.29,2020
Brazil,Campeonato Brasileiro,chongqing dangdai lifan f.c,Marcelo  Cirino,19,10,2062,9,9.3300000000000001,0.42999999999999999,51,17,2.3500000000000001,0.78000000000000003,2019
USA,MLS,COL,Brian Fernandez,16,3,1555,11,8.1799999999999997,0.5,69,30,4.2199999999999998,1.8300000000000001,2019
Brazil,Campeonato Brasileiro,COR,Jo,34,0,2847,18,16.780000000000001,0.56000000000000005,80,39,2.6699999999999999,1.3,2017
Brazil,Campeonato Brasileiro,COR,Juan Cazares,25,6,2487,8,5.7599999999999998,0.22,66,18,2.52,0.68999999999999995,2018
Brazil,Campeonato Brasileiro,CRU,Arthur Caike,34,0,2824,8,7.7300000000000004,0.26000000000000001,85,25,2.8599999999999999,0.83999999999999997,2017
England,Premier League,CRY,Christian Benteke,36,0,3299,15,18.399999999999999,0.53000000000000003,105,38,3.02,1.0900000000000001,2016
England,Premier League,CRY,Luka Milivojevic,38,0,3651,12,11.15,0.28999999999999998,57,24,1.48,0.62,2018
England,Premier League,CRY,Wilfried Zaha,8,0,779,5,4.3499999999999996,0.53000000000000003,18,7,2.2000000000000002,0.84999999999999998,2020
Italy,Serie A,CRZ,Diego Falcinelli,35,1,3308,13,11.49,0.33000000000000002,99,65,2.8399999999999999,1.8700000000000001,2016
Italy,Serie A,Cyril,Cyril Thereau,31,2,2585,12,9.25,0.34000000000000002,70,48,2.5699999999999998,1.76,2016
Germany,Bundesliga,DOR,Thorgan Hazard,33,1,3062,10,12.890000000000001,0.40000000000000002,87,33,2.7000000000000002,1.02,2017
Germany,Bundesliga,DOR,Julian Brandt,26,8,2419,9,6.3700000000000001,0.25,43,22,1.6899999999999999,0.85999999999999999,2017
Germany,Bundesliga,DOR,Jadon Sancho,26,8,2602,13,6.8499999999999996,0.25,40,21,1.46,0.77000000000000002,2018
Germany,Bundesliga,DOR,Marco Reus,27,0,2432,17,13.31,0.52000000000000002,69,33,2.7000000000000002,1.29,2018
Germany,Bundesliga,DOR,Jadon Sancho,25,7,2387,17,9.8000000000000007,0.39000000000000001,52,28,2.0699999999999998,1.1100000000000001,2019
Germany,Bundesliga,DOR,Marco Reus,18,1,1561,11,8.5399999999999991,0.52000000000000002,47,24,2.8599999999999999,1.46,2019
Germany,Bundesliga,DOR,Erling Haaland,11,4,1116,12,7.6399999999999997,0.65000000000000002,34,19,2.8900000000000001,1.6200000000000001,2019
Germany,Bundesliga,DOR,Erling Haaland,7,1,683,10,6.7599999999999998,0.93999999999999995,30,14,4.1699999999999999,1.95,2020
Spain,La Liga,EIB,Sergi Enrich,31,7,2904,11,8.25,0.27000000000000002,64,26,2.0899999999999999,0.84999999999999998,2016
Spain,La Liga,EIB,Esteban Burgos,6,1,589,3,2.8500000000000001,0.46000000000000002,5,4,0.81000000000000005,0.65000000000000002,2020
Spain,La Liga,EIB,Kike GarcIa,9,1,790,3,2.8300000000000001,0.34000000000000002,19,8,2.2799999999999998,0.95999999999999996,2020
Netherlands,Eredivisie,EMM,Michael de Leeuw,8,0,723,5,2.8900000000000001,0.38,15,7,1.97,0.92000000000000004,2019
Netherlands,Eredivisie,EMM,Michael de Leeuw,26,0,2383,9,8.2799999999999994,0.33000000000000002,51,23,2.0299999999999998,0.92000000000000004,2020
England,Premier League,EVE,Richarlison ,32,3,2822,14,11.880000000000001,0.40000000000000002,83,28,2.79,0.93999999999999995,2018
England,Premier League,EVE,Gylfi Sigurdsson,36,2,3302,13,11.119999999999999,0.32000000000000001,86,33,2.4700000000000002,0.94999999999999996,2018
England,Premier League,EVE,Dominic Calvert-Lewin,30,6,2849,13,16.190000000000001,0.54000000000000004,85,38,2.8300000000000001,1.27,2019
England,Premier League,EVE,Richarlison  ,36,0,3289,13,10.73,0.31,90,32,2.6000000000000001,0.92000000000000004,2019
England,Premier League,EVE,Dominic Calvert-Lewin,10,0,940,10,7.1200000000000001,0.71999999999999997,32,18,3.23,1.8200000000000001,2020
Portugal ,Primeira Liga,FAM,Carlos Valenzuela,7,1,575,2,1.03,0.17000000000000001,10,3,1.6499999999999999,0.5,2019
Portugal ,Primeira Liga,FAM,Ruben Lameiras,7,0,624,4,3.4199999999999999,0.52000000000000002,15,9,2.2799999999999998,1.3700000000000001,2019
Germany,Bundesliga,FCA,Florian Niederlechner,29,5,2477,11,10.69,0.40999999999999998,79,56,3.0299999999999998,2.1499999999999999,2016
Germany,Bundesliga,FCA,Alfred Finnbogason,22,0,1879,12,11.08,0.56000000000000005,51,25,2.5800000000000001,1.26,2017
Germany,Bundesliga,FCA,Michael Gregoritsch,30,2,2626,13,10.779999999999999,0.39000000000000001,92,36,3.3300000000000001,1.3,2017
Germany,Bundesliga,FCA,Alfred Finnbogason,17,1,1385,10,10.210000000000001,0.69999999999999996,40,18,2.7400000000000002,1.23,2018
Germany,Bundesliga,FCA,Florian Niederlechner,31,2,2846,13,13.18,0.44,78,40,2.6000000000000001,1.3400000000000001,2019
Germany,Bundesliga,FCA,Andre Hahn,7,2,547,3,1.4399999999999999,0.25,12,6,2.0800000000000001,1.04,2020
Germany,Bundesliga,FCA,Daniel Caligiuri,9,0,841,3,0.80000000000000004,8.9999999999999997E-2,11,5,1.24,0.56000000000000005,2020
Portugal ,Primeira Liga,FER,Douglas Tanque,23,6,2054,11,7.5700000000000003,0.34999999999999998,72,24,3.3300000000000001,1.1100000000000001,2019
Portugal ,Primeira Liga,FER,Douglas Tanque,7,0,644,2,2.5099999999999998,0.37,25,9,3.6899999999999999,1.3300000000000001,2019
Portugal ,Primeira Liga,FEY,Joao Teixeira,14,7,1416,8,3.5800000000000001,0.23999999999999999,34,14,2.2799999999999998,0.93999999999999995,2019
Netherlands,Eredivisie,FEY,Steven Berghuis,10,0,896,9,8.7699999999999996,0.93000000000000005,39,21,4.1399999999999997,2.23,2019
Netherlands,Eredivisie,FEY,Bryan Linssen,25,0,2256,14,8.3100000000000005,0.34999999999999998,92,39,3.8700000000000001,1.6399999999999999,2020
Netherlands,Eredivisie,FEY,Steven Berghuis,24,0,2226,15,13.359999999999999,0.56999999999999995,89,44,3.7999999999999998,1.8799999999999999,2020
Italy,Serie A,FIO,Jose CallejOn,37,0,3276,14,11.380000000000001,0.33000000000000002,86,57,2.4900000000000002,1.6499999999999999,2016
Italy,Serie A,FIO,Jose Callejon,38,0,3359,10,10.25,0.28999999999999998,64,32,1.8100000000000001,0.91000000000000003,2017
Italy,Serie A,FIO,Gaetano Castrovilli,9,0,755,4,1.4299999999999999,0.17999999999999999,11,7,1.3799999999999999,0.88,2020
Brazil,Campeonato Brasileiro,FLA,Giorgian de Arrascaeta,30,1,2423,9,7.6500000000000004,0.29999999999999999,75,24,2.9399999999999999,0.93999999999999995,2016
Brazil,Campeonato Brasileiro,FLA,Bruno Henrique,28,0,2136,8,10.57,0.46999999999999997,52,24,2.3100000000000001,1.0700000000000001,2017
Brazil,Campeonato Brasileiro,FLA,Diego ,24,3,2089,10,7.9199999999999999,0.35999999999999999,56,22,2.5499999999999998,1,2017
Brazil,Campeonato Brasileiro,FLA,Pedro ,19,0,1689,9,9.0700000000000003,0.51000000000000001,56,18,3.1499999999999999,1.01,2018
Brazil,Campeonato Brasileiro,FLA,Gabriel Barbosa,34,1,3140,18,19.170000000000002,0.57999999999999996,94,40,2.8399999999999999,1.21,2018
Brazil,Campeonato Brasileiro,FLA,Giorgian de Arrascaeta,22,1,1929,12,9.3399999999999999,0.46000000000000002,47,19,2.3100000000000001,0.93999999999999995,2019
Brazil,Campeonato Brasileiro,FLA,Michael ,35,0,3180,10,9.3699999999999992,0.28000000000000003,80,32,2.3900000000000001,0.95999999999999996,2019
Brazil,Campeonato Brasileiro,FLA,Gabriel Barbosa,29,0,2716,25,24.59,0.85999999999999999,117,62,4.0899999999999999,2.1699999999999999,2019
Brazil,Campeonato Brasileiro,FLA,Bruno Henrique,29,4,2822,21,21.09,0.70999999999999996,98,46,3.2999999999999998,1.55,2019
Brazil,Campeonato Brasileiro,FLA,Bruno Henrique,15,1,1412,5,8.9199999999999999,0.59999999999999998,45,18,3.0299999999999998,1.21,2020
Brazil,Campeonato Brasileiro,FLA,Pedro ,12,6,1207,10,10.42,0.81999999999999995,46,25,3.6200000000000001,1.97,2020
Spain,La Liga,Florin,Andone ,32,5,2984,12,11.619999999999999,0.37,99,42,3.1499999999999999,1.3400000000000001,2016
Brazil,Campeonato Brasileiro,FLU,Fred ,33,1,2821,14,13.66,0.46000000000000002,63,28,2.1200000000000001,0.93999999999999995,2016
Brazil,Campeonato Brasileiro,FLU,Fred ,27,2,1865,12,12.56,0.64000000000000001,57,24,2.8999999999999999,1.22,2017
Brazil,Campeonato Brasileiro,FLU,Lucca ,37,0,2933,13,11.109999999999999,0.35999999999999999,96,40,3.1099999999999999,1.3,2017
Brazil,Campeonato Brasileiro,FLU,Nene ,29,6,2636,8,7.4900000000000002,0.27000000000000002,58,20,2.0899999999999999,0.71999999999999997,2018
Brazil,Campeonato Brasileiro,FLU,Nene ,18,0,1434,7,4.3799999999999999,0.28999999999999998,35,13,2.3199999999999998,0.85999999999999999,2020
Brazil,Campeonato Brasileiro,FOR,Wellington Paulista,30,3,2278,9,9.3499999999999996,0.39000000000000001,63,30,2.6299999999999999,1.25,2017
Brazil,Campeonato Brasileiro,FOR,Wellington Paulista,28,3,2650,13,13.67,0.48999999999999999,66,29,2.3700000000000001,1.04,2019
Brazil,Campeonato Brasileiro,FOR,Wellington Paulista,13,8,1208,6,5.3399999999999999,0.41999999999999998,24,12,1.8899999999999999,0.93999999999999995,2020
Germany,Bundesliga,FRA,Andre Silva,16,9,1694,12,10.699999999999999,0.59999999999999998,55,21,3.0800000000000001,1.1799999999999999,2019
Germany,Bundesliga,FRA,Bas Dost,8,1,732,3,3.2400000000000002,0.41999999999999998,14,8,1.8200000000000001,1.04,2020
Germany,Bundesliga,FRA,Andre Silva,9,0,802,7,7.4299999999999997,0.88,37,16,4.3799999999999999,1.8999999999999999,2020
Spain,La Liga,GET,Angel Rodriguez,26,7,2390,13,11.82,0.46999999999999997,68,31,2.7000000000000002,1.23,2017
Spain,La Liga,GET,Jaime Mata,27,7,2569,14,12.44,0.46000000000000002,59,25,2.1800000000000002,0.92000000000000004,2018
Spain,La Liga,GET,Angel Rodriguez,9,23,1611,10,8.1400000000000006,0.47999999999999998,53,23,3.1299999999999999,1.3600000000000001,2019
Spain,La Liga,GET,Jaime Mata,33,1,2923,11,12,0.39000000000000001,58,23,1.8899999999999999,0.75,2019
Spain,La Liga,GET,Angel Rodriguez,3,6,501,4,2.0600000000000001,0.39000000000000001,14,7,2.6499999999999999,1.3300000000000001,2020
Spain,La Liga,GIR,Cristhian Stuani,32,1,2785,21,20.52,0.69999999999999996,74,37,2.52,1.26,2017
Spain,La Liga,GIR,Cristhian Stuani,30,2,2897,19,16.469999999999999,0.54000000000000004,77,39,2.5299999999999998,1.28,2018
Brazil,Campeonato Brasileiro,GRE,Diego Souza,34,0,2981,14,10.67,0.34000000000000002,86,35,2.7400000000000002,1.1200000000000001,2016
Brazil,Campeonato Brasileiro,GRE,Diego Souza,26,1,1953,11,11.720000000000001,0.56999999999999995,74,30,3.6000000000000001,1.46,2017
Brazil,Campeonato Brasileiro,GRE,Luiz Fernando,21,12,1769,9,5.96,0.32000000000000001,42,16,2.2599999999999998,0.85999999999999999,2017
Brazil,Campeonato Brasileiro,GRE,Diego Souza,32,0,4177,11,11.43,0.26000000000000001,51,21,1.1599999999999999,0.47999999999999998,2018
Brazil,Campeonato Brasileiro,GRE,Pepe,14,18,1836,8,8.6999999999999993,0.45000000000000001,46,16,2.3799999999999999,0.82999999999999996,2019
Brazil,Campeonato Brasileiro,GRE,Pepe,15,3,1397,7,5.4400000000000004,0.37,32,13,2.1800000000000002,0.88,2020
Germany,Bundesliga,HOF,Andrej Kramaric,28,6,2449,15,13.41,0.52000000000000002,99,60,3.8399999999999999,2.3300000000000001,2016
Germany,Bundesliga,HOF,Andrej Kramaric,22,12,2353,13,9.6600000000000001,0.39000000000000001,83,35,3.3500000000000001,1.4099999999999999,2017
Germany,Bundesliga,HOF,Andrej Kramaric,28,2,2527,16,19.420000000000002,0.72999999999999998,110,43,4.1399999999999997,1.6200000000000001,2018
Germany,Bundesliga,HOF,Ishak Belfodil,20,8,1965,18,10.140000000000001,0.48999999999999999,88,36,4.25,1.74,2018
Germany,Bundesliga,HOF,Andrej Kramaric,14,5,1502,12,9.3300000000000001,0.58999999999999997,43,23,2.7200000000000002,1.45,2019
Germany,Bundesliga,HOF,Andrej Kramaric,5,0,481,7,4.6100000000000003,0.91000000000000003,23,14,4.54,2.77,2020
Spain,La Liga,HUE,Sandro Ramlrez,28,2,2340,14,7.1399999999999997,0.28999999999999998,93,38,3.7799999999999998,1.54,2016
Italy,Serie A,IMI,Gonzalo Higuain,32,6,3138,24,17.84,0.54000000000000004,134,91,4.0599999999999996,2.75,2016
Italy,Serie A,IMI,Gonzalo Higuain,32,3,2935,16,12.050000000000001,0.39000000000000001,102,40,3.2999999999999998,1.29,2017
England,Premier League,INT,Alexis Sanchez,36,2,3385,24,19.239999999999998,0.54000000000000004,129,49,3.6200000000000001,1.3799999999999999,2016
England,Premier League,INT,Romelu Lukaku,36,1,3448,25,18.149999999999999,0.5,110,53,3.0299999999999998,1.46,2016
Italy,Serie A,INT,Ivan Perisic,37,0,3491,11,9.1899999999999995,0.25,116,38,3.1600000000000001,1.03,2017
Italy,Serie A,INT,Romelu Lukaku,33,3,3156,23,18.940000000000001,0.56999999999999995,99,47,2.98,1.4099999999999999,2019
Italy,Serie A,INT,Lautaro Martrinez,29,6,2581,14,14.4,0.53000000000000003,125,44,4.5999999999999996,1.6200000000000001,2019
Brazil,Campeonato Brasileiro,INT,Thiago Galhardo,31,3,2901,12,14.35,0.46999999999999997,80,32,2.6200000000000001,1.05,2019
Brazil,Campeonato Brasileiro,INT,Paolo Guerrero,23,1,2193,10,10.85,0.46999999999999997,81,33,3.5099999999999998,1.4299999999999999,2019
Italy,Serie A,INT,Lautaro MartInez,7,2,656,5,2.3500000000000001,0.34000000000000002,29,11,4.2000000000000002,1.5900000000000001,2020
Italy,Serie A,INT,Romelu Lukaku,6,2,580,7,7.2699999999999996,1.1899999999999999,22,10,3.6000000000000001,1.6399999999999999,2020
Brazil,Campeonato Brasileiro,INT,Thiago Galhardo,16,5,1605,15,12.5,0.73999999999999999,53,27,3.1400000000000001,1.6000000000000001,2020
Spain,La Liga,JUV,Cristiano Ronaldo,29,0,2634,25,24.68,0.89000000000000001,162,60,5.8399999999999999,2.1600000000000001,2016
Spain,La Liga,JUV,Morata,14,12,1392,15,9.6699999999999999,0.66000000000000003,55,30,3.75,2.0499999999999998,2016
Spain,La Liga,JUV,Cristiano Ronaldo,27,0,2375,26,29,1.1599999999999999,178,76,7.1200000000000001,3.04,2017
Italy,Serie A,JUV,Paulo Dybala,26,7,2407,22,11.4,0.45000000000000001,114,45,4.5,1.78,2017
Italy,Serie A,JUV,Cristiano Ronaldo,30,1,2857,21,21.649999999999999,0.71999999999999997,177,68,5.8899999999999997,2.2599999999999998,2018
Spain,La Liga,JUV,Morata ,25,9,2248,12,17.27,0.72999999999999998,69,30,2.9199999999999999,1.27,2019
Italy,Serie A,JUV,Cristiano Ronaldo,33,0,3127,31,27.32,0.82999999999999996,208,79,6.3200000000000003,2.3999999999999999,2019
Italy,Serie A,JUV,Cristiano Ronaldo,5,1,397,8,5.3099999999999996,1.27,26,13,6.2199999999999998,3.1099999999999999,2020
Germany,Bundesliga,KOL,Anthony Modeste,34,0,3075,25,19.739999999999998,0.60999999999999999,101,53,3.1200000000000001,1.6399999999999999,2016
Germany,Bundesliga,KOL,Ondrej Duda,30,2,2661,11,5.8799999999999999,0.20999999999999999,54,20,1.9299999999999999,0.70999999999999996,2018
Germany,Bundesliga,KOL,Sebastian Andersson,31,2,2813,12,13.619999999999999,0.46000000000000002,65,37,2.2000000000000002,1.25,2019
Germany,Bundesliga,KOL,Ellyes Skhiri,8,0,709,3,1.8700000000000001,0.25,6,3,0.80000000000000004,0.40000000000000002,2020
USA,MLS,LAF,Diego Rossi,35,1,3277,17,12.07,0.34999999999999998,113,50,3.2799999999999998,1.45,2019
USA,MLS,LAF,Carlos Vela,33,0,3128,36,25.350000000000001,0.77000000000000002,167,75,5.0700000000000003,2.2799999999999998,2019
USA,MLS,LAF,Bradley Wright-Phillips,15,4,1190,8,5.8899999999999997,0.46999999999999997,33,15,2.6299999999999999,1.2,2020
USA,MLS,LAF,Diego Rossi,19,0,1816,14,11.85,0.62,71,34,3.71,1.78,2020
Italy,Serie A,LAZ,Ciro Immobile,35,1,3294,22,19.760000000000002,0.56999999999999995,136,98,3.9199999999999999,2.8300000000000001,2016
Italy,Serie A,LAZ,Sergej Milinkovic-Savic,33,2,3014,12,6.6600000000000001,0.20999999999999999,91,34,2.8700000000000001,1.0700000000000001,2017
Italy,Serie A,LAZ,Luis Alberto,32,2,2797,11,6.7699999999999996,0.23000000000000001,81,25,2.75,0.84999999999999998,2017
Italy,Serie A,LAZ,Ciro Immobile,33,0,2799,29,19.149999999999999,0.65000000000000002,110,53,3.73,1.8,2017
Italy,Serie A,LAZ,Ciro Immobile,31,5,3046,15,15.710000000000001,0.48999999999999999,124,49,3.8700000000000001,1.53,2018
Italy,Serie A,LAZ,Ciro Immobile,36,1,3371,36,26.609999999999999,0.75,142,71,4,2,2019
Italy,Serie A,LAZ,Ciro Immobile,6,1,571,5,3.73,0.62,22,8,3.6600000000000001,1.3300000000000001,2020
England,Premier League,LEI,Jamie Vardy,33,2,2938,13,9.2799999999999994,0.29999999999999999,54,26,1.75,0.83999999999999997,2016
England,Premier League,LEI,Jamie Vardy,30,4,2886,18,17.620000000000001,0.57999999999999996,79,38,2.6000000000000001,1.25,2018
England,Premier League,LEI,Ayoze Perez,34,3,3099,12,7.8300000000000001,0.23999999999999999,55,27,1.6899999999999999,0.82999999999999996,2018
England,Premier League,LEI,Jamie Vardy,34,1,3271,23,19.280000000000001,0.56000000000000005,89,42,2.5800000000000001,1.22,2019
England,Premier League,LEI,Jamie Vardy,8,1,780,8,8.6999999999999993,1.0600000000000001,21,15,2.5600000000000001,1.8300000000000001,2020
Spain,La Liga,LEV,Sergio Leon,23,8,2071,11,11.119999999999999,0.51000000000000001,65,27,2.98,1.24,2017
Spain,La Liga,LEV,Morales ,35,0,3180,10,10.710000000000001,0.32000000000000001,61,25,1.8200000000000001,0.75,2017
Germany,Bundesliga,LEV,Leon Bailey,25,5,2317,9,7.5599999999999996,0.31,76,27,3.1200000000000001,1.1100000000000001,2017
Spain,La Liga,LEV,Roger ,23,8,1999,13,14.1,0.67000000000000004,71,30,3.3700000000000001,1.4299999999999999,2018
Spain,La Liga,LEV,Morales ,35,2,3381,12,13.52,0.38,65,33,1.8300000000000001,0.93000000000000005,2018
Spain,La Liga,LEV,Roger ,26,10,2436,11,11.539999999999999,0.45000000000000001,57,24,2.2200000000000002,0.93999999999999995,2019
Spain,La Liga,LEV,Morales ,10,0,758,4,2.71,0.34000000000000002,17,8,2.1299999999999999,1,2020
Germany,Bundesliga,LEV,Lucas Alario,6,1,561,7,3.0699999999999998,0.52000000000000002,20,11,3.3900000000000001,1.8600000000000001,2020
Portugal ,Primeira Liga,LIS,Pote ,7,0,631,9,2.9900000000000002,0.45000000000000001,21,13,3.1600000000000001,1.96,2019
Portugal ,Primeira Liga,LIS,Andraz Sporar,3,4,356,2,3.4100000000000001,0.91000000000000003,14,7,3.7400000000000002,1.8700000000000001,2019
Portugal ,Primeira Liga,LIS,Nuno Santos,6,2,567,3,1.55,0.26000000000000001,10,5,1.6799999999999999,0.83999999999999997,2019
Italy,Serie A,LIV,Mohamed Salah,29,2,2567,15,11.619999999999999,0.42999999999999999,80,50,2.96,1.8500000000000001,2016
England,Premier League,LIV,Roberto Firmino,34,1,3228,11,10.869999999999999,0.32000000000000001,104,43,3.0600000000000001,1.27,2016
England,Premier League,LIV,Sadio Mane,26,1,2347,13,9.1400000000000006,0.37,58,24,2.3500000000000001,0.96999999999999997,2016
England,Premier League,LIV,Mohamed Salah,37,1,3417,22,20.5,0.56999999999999995,137,63,3.8100000000000001,1.75,2018
England,Premier League,LIV,Sadio Mane,35,1,3236,22,15.33,0.45000000000000001,87,42,2.5499999999999998,1.23,2018
England,Premier League,LIV,Sadio Mane,31,4,2933,18,14.51,0.46999999999999997,77,36,2.4900000000000002,1.1699999999999999,2019
England,Premier League,LIV,Mohamed Salah,33,1,3045,19,20.510000000000002,0.64000000000000001,132,59,4.1200000000000001,1.8400000000000001,2019
England,Premier League,LIV,Diogo Jota,5,3,530,5,2.5099999999999998,0.45000000000000001,20,11,3.5800000000000001,1.97,2020
England,Premier League,LIV,Mohamed Salah,9,0,831,8,6.1200000000000001,0.69999999999999996,35,15,4,1.71,2020
England,Premier League,LIV,Sadio Mane,8,1,785,4,4.8799999999999999,0.58999999999999997,27,13,3.27,1.5700000000000001,2020
Brazil,Campeonato Brasileiro,LYO,Lucas Paqueta,31,1,2962,10,9.0399999999999991,0.28999999999999998,95,40,3.0499999999999998,1.28,2018
Germany,Bundesliga,MAI,AÅdam Szalai,7,15,833,8,3.9500000000000002,0.45000000000000001,18,15,2.0499999999999998,1.71,2016
Germany,Bundesliga,MAI,Jean-Philippe Mateta,29,5,2587,14,11.710000000000001,0.42999999999999999,97,34,3.5600000000000001,1.25,2018
Germany,Bundesliga,MAI,Robin Quaison,31,1,2718,13,12.02,0.41999999999999998,71,28,2.48,0.97999999999999998,2019
Germany,Bundesliga,MAI,Jean-Philippe Mateta,9,0,723,7,6.0099999999999998,0.79000000000000004,23,12,3.02,1.5800000000000001,2020
Portugal ,Primeira Liga,MAR,Rodrigo Pinho,18,9,1732,9,6.5599999999999996,0.35999999999999999,48,22,2.6299999999999999,1.21,2019
Portugal ,Primeira Liga,MAR,Rodrigo Pinho,7,1,646,6,3.0600000000000001,0.45000000000000001,17,8,2.5,1.1799999999999999,2019
Italy,Serie A,Marco,Borriello ,30,6,2737,16,7.7800000000000002,0.27000000000000002,81,51,2.8100000000000001,1.77,2016
Italy,Serie A,Mario,Mandzukic None,23,2,2125,9,6.4900000000000002,0.28999999999999998,31,17,1.3899999999999999,0.76000000000000001,2018
England,Premier League,MNC,Sergio Aguero,25,6,2444,21,22.379999999999999,0.87,139,51,5.4000000000000004,1.98,2016
Brazil,Campeonato Brasileiro,MNC,Gabriel Jesus,26,1,2448,12,11.08,0.42999999999999999,75,34,2.9100000000000001,1.3200000000000001,2016
England,Premier League,MNC,Sergio Aguero,31,2,2566,21,19.449999999999999,0.71999999999999997,118,43,4.3700000000000001,1.5900000000000001,2018
England,Premier League,MNC,Raheem Sterling,31,3,2930,17,14.19,0.46000000000000002,77,38,2.5,1.23,2018
England,Premier League,MNC,Kevin De Bruyne,32,3,2984,13,7.2199999999999998,0.23000000000000001,99,31,3.1499999999999999,0.98999999999999999,2019
England,Premier League,MNC,Raheem Sterling,30,3,2836,20,20.300000000000001,0.68000000000000005,99,38,3.3199999999999998,1.27,2019
England,Premier League,MNC,Riyad Mahrez,21,12,2130,11,7.6200000000000001,0.34000000000000002,74,31,3.2999999999999998,1.3799999999999999,2019
England,Premier League,MNC,Gabriel Jesus,21,13,2209,14,20.690000000000001,0.89000000000000001,101,46,4.3399999999999999,1.98,2019
England,Premier League,MNC,Sergio Aguero,18,6,1566,16,15.5,0.93999999999999995,76,27,4.6100000000000003,1.6399999999999999,2019
England,Premier League,MNC,Riyad Mahrez,7,0,612,4,1.9299999999999999,0.29999999999999999,21,10,3.2599999999999998,1.55,2020
England,Premier League,MNU,Paul Pogba,34,1,3233,13,15.99,0.46999999999999997,105,49,3.0899999999999999,1.4399999999999999,2018
Portugal ,Primeira Liga,MNU,Bruno Fernandes,17,0,1656,8,5.5800000000000001,0.32000000000000001,60,23,3.4399999999999999,1.3200000000000001,2019
England,Premier League,MNU,Anthony Martial,31,1,2788,17,11.74,0.40000000000000002,80,39,2.73,1.3300000000000001,2019
England,Premier League,MNU,Marcus Rashford,31,0,2826,17,19.93,0.67000000000000004,95,44,3.1899999999999999,1.48,2019
England,Premier League,MNU,Bruno Fernandes,9,0,809,7,5.4500000000000002,0.64000000000000001,30,14,3.52,1.6399999999999999,2020
Netherlands,Eredivisie,MNU,Donny van de Beek,22,1,2023,8,4.9000000000000004,0.23000000000000001,44,16,2.0699999999999998,0.75,2020
Spain,La Liga,MON,Wissam Ben Yedder,20,11,1735,11,7.8499999999999996,0.42999999999999999,44,23,2.4100000000000001,1.26,2016
Germany,Bundesliga,MON,Kevin Volland,30,1,2693,14,8.7899999999999991,0.31,55,28,1.9399999999999999,0.98999999999999999,2017
Spain,La Liga,MON,Wissam Ben Yedder,31,4,2975,18,17.219999999999999,0.55000000000000004,76,36,2.4300000000000002,1.1499999999999999,2018
Germany,Bundesliga,MON,Kevin Volland,32,2,2945,14,12.4,0.40000000000000002,87,43,2.8100000000000001,1.3899999999999999,2018
Germany,Bundesliga,MON,Kevin Volland,24,3,2159,10,11.59,0.51000000000000001,78,32,3.4300000000000002,1.4099999999999999,2019
France,France Ligue 2,MON,Wissam Ben Yedder,25,1,2321,18,12.949999999999999,0.53000000000000003,64,36,2.6200000000000001,1.47,2019
USA,MLS,MON,Romell Quioto,18,2,1676,9,5.8200000000000003,0.33000000000000002,54,23,3.0600000000000001,1.3,2020
Spain,La Liga,None,Aduriz ,27,5,2480,16,15.92,0.60999999999999999,85,45,3.2599999999999998,1.72,2016
Germany,Bundesliga,None,Mario Gomez,32,1,2950,16,18.32,0.58999999999999997,84,45,2.71,1.45,2016
Brazil,Campeonato Brasileiro,None,Robinho ,26,4,2234,12,8,0.34000000000000002,49,22,2.0800000000000001,0.93999999999999995,2016
Brazil,Campeonato Brasileiro,None,Kempes ,19,7,1684,9,5.8499999999999996,0.33000000000000002,44,21,2.48,1.1799999999999999,2016
Brazil,Campeonato Brasileiro,None,Bruno Rangel ,19,12,2016,10,8.9100000000000001,0.41999999999999998,35,17,1.6499999999999999,0.80000000000000004,2016
Brazil,Campeonato Brasileiro,None,Grafite ,29,2,2511,13,14.01,0.53000000000000003,64,34,2.4199999999999999,1.29,2016
Brazil,Campeonato Brasileiro,None,Sassa,13,13,1412,12,11.15,0.75,41,25,2.7599999999999998,1.6799999999999999,2016
Brazil,Campeonato Brasileiro,None,Kleber Gladiador,23,1,2143,9,8.3499999999999996,0.37,50,23,2.2200000000000002,1.02,2016
Brazil,Campeonato Brasileiro,None,Pottker ,19,12,2007,14,8.6600000000000001,0.40999999999999998,61,25,2.8900000000000001,1.1799999999999999,2016
Brazil,Campeonato Brasileiro,None,Jonathan Copete,22,3,2147,10,8.1400000000000006,0.35999999999999999,37,17,1.6399999999999999,0.75,2016
Spain,La Liga,None,Rodrigo None,31,6,2770,16,15.449999999999999,0.53000000000000003,92,38,3.1600000000000001,1.3,2017
Germany,Bundesliga,None,Sandro Wagner ,18,7,1666,12,10,0.56999999999999995,55,26,3.1400000000000001,1.48,2017
Brazil,Campeonato Brasileiro,None,Luiz Fernando,21,7,1792,9,6.04,0.32000000000000001,54,22,2.8599999999999999,1.1699999999999999,2017
Brazil,Campeonato Brasileiro,None,Dudu ,23,3,1751,10,6.8200000000000003,0.37,45,23,2.4399999999999999,1.25,2017
Brazil,Campeonato Brasileiro,None,Henrique Dourado,32,0,2472,19,14.83,0.56999999999999995,65,37,2.5,1.4199999999999999,2017
Brazil,Campeonato Brasileiro,None,Andre,35,0,2931,16,14.81,0.47999999999999998,88,34,2.8500000000000001,1.1000000000000001,2017
Brazil,Campeonato Brasileiro,None,Edigar Junio ,21,5,1547,12,11.4,0.69999999999999996,49,29,3.0099999999999998,1.78,2017
Brazil,Campeonato Brasileiro,None,Junior  Dutra,27,3,2022,9,10.43,0.48999999999999999,75,25,3.52,1.1699999999999999,2017
Spain,La Liga,None,Charles,17,17,1861,14,13.91,0.70999999999999996,63,30,3.2200000000000002,1.53,2018
Italy,Serie A,None,Stephan El Shaarawy,23,5,2213,11,7.2199999999999998,0.31,70,30,3,1.29,2018
Brazil,Campeonato Brasileiro,None,Leandro Damiao ,19,7,3236,10,13.279999999999999,0.39000000000000001,67,27,1.97,0.79000000000000004,2018
Brazil,Campeonato Brasileiro,None,Roger Guedes ,11,1,1081,9,6.1399999999999997,0.54000000000000004,42,20,3.6899999999999999,1.76,2018
Brazil,Campeonato Brasileiro,None,Leandro Pereira ,26,8,2575,11,10.029999999999999,0.37,80,33,2.9500000000000002,1.22,2018
Portugal ,Primeira Liga,None,Tiquinho Soares,20,10,1867,10,9.4299999999999997,0.47999999999999998,55,21,2.7999999999999998,1.0700000000000001,2019
Portugal ,Primeira Liga,None,Alex Telles,28,3,2732,11,8.0500000000000007,0.28000000000000003,39,17,1.3600000000000001,0.58999999999999997,2019
Portugal ,Primeira Liga,None,Fabio Abreu,27,7,2570,13,11.09,0.40999999999999998,53,23,1.96,0.84999999999999998,2019
Portugal ,Primeira Liga,None,Alex Telles ,3,0,280,2,2.3599999999999999,0.80000000000000004,9,5,3.0499999999999998,1.7,2019
Portugal ,Primeira Liga,None,Fabio Martins,29,0,2633,12,9.1500000000000004,0.33000000000000002,69,36,2.4900000000000002,1.3,2019
Portugal ,Primeira Liga,None,Sandro Lima,29,3,2747,10,10.119999999999999,0.34999999999999998,66,31,2.2799999999999998,1.0700000000000001,2019
Italy,Serie A,None,Andreas Cornelius,17,9,1637,12,6.3799999999999999,0.37,46,20,2.6699999999999999,1.1599999999999999,2019
Brazil,Campeonato Brasileiro,None,Dudu ,34,2,3313,9,9.4199999999999999,0.27000000000000002,95,38,2.7200000000000002,1.0900000000000001,2019
Brazil,Campeonato Brasileiro,None,Everaldo ,33,0,3233,14,13.27,0.39000000000000001,116,39,3.4100000000000001,1.1499999999999999,2019
England,Premier League,None,Danny Ings ,7,0,662,5,2.5800000000000001,0.37,15,9,2.1499999999999999,1.29,2020
Netherlands,Eredivisie,None,Cyriel Dessers ,26,0,2461,15,14.51,0.56000000000000005,84,43,3.2400000000000002,1.6599999999999999,2020
Spain,La Liga,PSG,Neymar ,30,0,2694,13,13.33,0.46999999999999997,105,42,3.7000000000000002,1.48,2016
Italy,Serie A,PSG,Mauro Icardi,34,0,3188,24,19.129999999999999,0.56999999999999995,109,52,3.25,1.55,2016
Italy,Serie A,PSG,Mauro Icardi,34,0,3096,29,23.140000000000001,0.70999999999999996,101,53,3.1000000000000001,1.6299999999999999,2017
Spain,La Liga,PSG,Pablo Sarabia,30,3,2877,13,11.81,0.39000000000000001,75,31,2.48,1.02,2018
Italy,Serie A,PSG,Mauro Icardi,24,5,2314,11,14.859999999999999,0.60999999999999999,73,29,3,1.1899999999999999,2018
France,France Ligue 1,PSG,Kylian Mbappe-Lottin,24,5,2488,33,31.170000000000002,1.1899999999999999,125,70,4.7699999999999996,2.6699999999999999,2018
France,France Ligue 1,PSG,Kylian Mbappe-Lottin,17,3,1611,18,17.98,1.0600000000000001,87,49,5.1299999999999999,2.8900000000000001,2019
France,France Ligue 1,PSG,Kylian Mbappe-Lottin,7,1,610,9,6.8099999999999996,1.0600000000000001,33,20,5.1399999999999997,3.1099999999999999,2020
Spain,La Liga,RMA,Karim Benzema,23,6,1967,11,13.25,0.64000000000000001,69,34,3.3300000000000001,1.6399999999999999,2016
Spain,La Liga,RMA,Isco,18,12,1690,10,3.9100000000000001,0.22,32,15,1.8,0.83999999999999997,2016
England,Premier League,RMA,Eden Hazard,36,0,3101,16,11.1,0.34000000000000002,77,32,2.3599999999999999,0.97999999999999998,2016
Spain,La Liga,RMA,Karim Benzema,35,1,3072,21,17.460000000000001,0.54000000000000004,104,44,3.2200000000000002,1.3600000000000001,2018
Germany,Bundesliga,RMA,Luka Jovic,25,7,2353,17,14.119999999999999,0.56999999999999995,97,42,3.9199999999999999,1.7,2018
England,Premier League,RMA,Eden Hazard,32,5,3115,16,10.82,0.33000000000000002,93,43,2.8399999999999999,1.3100000000000001,2018
Brazil,Campeonato Brasileiro,RMA,Rodrygo ,30,5,2850,8,8.0999999999999996,0.27000000000000002,52,23,1.73,0.77000000000000002,2018
Spain,La Liga,RMA,Karim Benzema,36,1,3207,21,21.609999999999999,0.64000000000000001,124,59,3.6699999999999999,1.75,2019
Spain,La Liga,RMA,Sergio Ramos,35,0,3100,11,11.09,0.34000000000000002,39,17,1.2,0.52000000000000002,2019
Spain,La Liga,RMA,Karim Benzema,8,0,741,4,4.9100000000000001,0.63,27,12,3.46,1.54,2020
Spain,La Liga,RMA,Federico Valverde,6,2,566,3,1.1299999999999999,0.19,9,5,1.51,0.83999999999999997,2020
Germany,Bundesliga,Sandro,Wagner ,30,1,2695,11,12.199999999999999,0.42999999999999999,65,35,2.29,1.23,2016
Spain,La Liga,Santi,Cazorla ,29,6,2513,11,8.7300000000000004,0.33000000000000002,49,24,1.8500000000000001,0.91000000000000003,2019
Italy,Serie A,SAS,Gregoire Defrel,23,6,2054,12,8,0.37,43,28,1.99,1.3,2016
Italy,Serie A,SAS,Francesco Caputo,38,0,3641,16,16.100000000000001,0.41999999999999998,96,43,2.5,1.1200000000000001,2018
Italy,Serie A,SAS,Gregoire Defrel,26,10,2388,11,8.3000000000000007,0.33000000000000002,47,23,1.8700000000000001,0.91000000000000003,2018
Italy,Serie A,SAS,Domenico Berardi,29,2,2654,14,10.9,0.39000000000000001,120,46,4.2999999999999998,1.6499999999999999,2019
Italy,Serie A,SAS,Francesco Caputo,6,0,567,5,3.52,0.58999999999999997,18,9,3.02,1.51,2020
Italy,Serie A,SAS,Domenico Berardi,8,0,766,4,2.02,0.25,21,11,2.6000000000000001,1.3600000000000001,2020
Spain,La Liga,SOC,Willian Jose,27,1,2102,12,8.4100000000000001,0.38,69,29,3.1200000000000001,1.3100000000000001,2016
Spain,La Liga,SOC,Cedric Bakambu,17,9,1633,10,8.0800000000000001,0.46999999999999997,50,26,2.9100000000000001,1.51,2016
Spain,La Liga,SOC,Mikel Oyarzabal,31,4,2864,12,9.3499999999999996,0.31,65,32,2.1600000000000001,1.0600000000000001,2017
Spain,La Liga,SOC,Willian Josa,32,2,2869,15,13.890000000000001,0.46000000000000002,89,29,2.9500000000000002,0.95999999999999996,2017
Spain,La Liga,SOC,Portu ,35,2,3081,11,10.699999999999999,0.33000000000000002,49,25,1.51,0.77000000000000002,2017
Spain,La Liga,SOC,Willian Jose,28,3,2471,12,11.699999999999999,0.45000000000000001,55,26,2.1099999999999999,1,2018
Spain,La Liga,SOC,Mikel Oyarzabal,36,1,3300,13,11.119999999999999,0.32000000000000001,66,28,1.8999999999999999,0.81000000000000005,2018
Spain,La Liga,SOC,Mikel Oyarzabal,36,1,3247,10,8.8900000000000006,0.26000000000000001,62,22,1.8100000000000001,0.64000000000000001,2019
Spain,La Liga,SOC,Willian Jose,24,13,2171,11,13.029999999999999,0.56999999999999995,59,19,2.5800000000000001,0.82999999999999996,2019
Spain,La Liga,SOC,Portu ,6,5,691,4,1.53,0.20999999999999999,6,4,0.81999999999999995,0.55000000000000004,2020
Spain,La Liga,SOC,Mikel Oyarzabal,9,2,736,7,6.8200000000000003,0.88,31,16,4,2.0699999999999998,2020
Netherlands,Eredivisie,Tim,Matavz ,24,1,2157,12,9.0800000000000001,0.40000000000000002,55,28,2.4199999999999999,1.23,2020
Spain,La Liga,VAL,Kevin Gameiro,21,10,1745,13,10.65,0.57999999999999996,50,23,2.7200000000000002,1.25,2016
Spain,La Liga,VAL,Maxi Gomez,35,1,3168,18,18.010000000000002,0.54000000000000004,83,37,2.4900000000000002,1.1100000000000001,2017
Spain,La Liga,VAL,Maxi Gomez,33,2,3148,13,12.92,0.39000000000000001,82,28,2.4700000000000002,0.83999999999999997,2018
Spain,La Liga,VAL,Carlos Soler,6,1,599,4,3.3399999999999999,0.53000000000000003,8,5,1.27,0.79000000000000004,2020
Spain,La Liga,VIL,Gerard Moreno,37,0,3361,13,8.4900000000000002,0.23999999999999999,82,32,2.3199999999999998,0.90000000000000002,2016
Italy,Serie A,VIL,Carlos Bacca,26,6,2228,13,14.07,0.59999999999999998,56,39,2.3900000000000001,1.6599999999999999,2016
Spain,La Liga,VIL,Gerard Moreno,38,0,3555,16,17.960000000000001,0.47999999999999998,105,47,2.8100000000000001,1.26,2017
Spain,La Liga,VIL,Carlos Bacca,30,5,2572,15,14.35,0.53000000000000003,73,34,2.7000000000000002,1.26,2017
Germany,Bundesliga,VIL,Paco Alcacer,11,15,1312,18,9.3900000000000006,0.68000000000000005,52,27,3.77,1.96,2018
Spain,La Liga,VIL,Gerard Moreno,33,2,2831,18,16.09,0.54000000000000004,89,34,2.9900000000000002,1.1399999999999999,2019
Spain,La Liga,VIL,Paco Alcacer,9,0,693,5,5.1100000000000003,0.69999999999999996,16,8,2.1899999999999999,1.1000000000000001,2020
Spain,La Liga,VIL,Gerard Moreno,9,0,822,6,6.4000000000000004,0.73999999999999999,29,11,3.3500000000000001,1.27,2020
